[
  {
    "_id": {
      "$oid": "60b9ff50c7d61f0d1f698c8c"
    },
    "kyc": {
      "id_proof": {
        "invalid_reasons": []
      },
      "address_proof": {
        "invalid_reasons": []
      }
    },
    "nationality": "INDIAN",
    "email_verified": false,
    "invited": false,
    "signed_up": true,
    "first_name": "Eshwar ",
    "last_name": "A",
    "email": "abc@gmail.com",
    "phone_number": "+919999187869",
    "channel_partner_id": "60b5b9e3c7d61f0d1f698bcd",
    "channel_partner_no": "1299",
    "user_type": "CUSTOMER",
    "reset_password_code": "yOAgsa3Fn",
    "signed_up_at": {
      "$date": {
        "$numberLong": "1622802256583"
      }
    },
    "ip_address": "65.1.47.133",
    "__v": 0,
    "additionalFiles": [],
    "joint_account": false,
    "modified_on": {
      "$date": {
        "$numberLong": "1639991037155"
      }
    },
    "no_of_users": 0,
    "re_enquiry": 1,
    "user_ownership_type": "INDIVIDUAL",
    "lead_square": {
      "ProspectID": "42525632-e47a-11eb-8de8-02aca1b5f6dc",
      "ProspectAutoId": "20118",
      "FirstName": "Rajbir Singh",
      "LastName": "Singh",
      "EmailAddress": "abc@gmail.com",
      "Phone": "+91-8376918473",
      "Mobile": null,
      "Source": "FacebookPPC",
      "SourceMedium": "",
      "SourceCampaign": "HBITS Delhi Targeting | 07thApril'21",
      "ProspectStage": "Prospect",
      "Score": "15",
      "EngagementScore": "0",
      "ProspectActivityName_Max": "Lead Capture",
      "ProspectActivityDate_Max": "2022-01-01 17:53:49",
      "OwnerId": "ca35588d-be23-11eb-8de8-02aca1b5f6dc",
      "ModifiedBy": "e1b31033-be00-11eb-9e36-0a2bd9889d72",
      "ModifiedOn": "2022-03-23 12:09:44",
      "LastModifiedOn": "2022-03-23 12:09:44",
      "mx_State": "New Delhi",
      "NotableEventdate": "2022-03-23 12:09:44",
      "QualityScore01": null,
      "ConversionReferrerURL": null,
      "SourceReferrerURL": null,
      "SourceIPAddress": null,
      "LeadLastModifiedOn": "2022-03-23 12:09:44",
      "OwnerIdEmailAddress": "aabimaanyo@hbits.co",
      "ModifiedByName": "System",
      "mx_Source_Score": "10"
    },
    "phone_no_verified": false,
    "owner": {
      "name": "Aabimaanyo Arora",
      "email": "aabimaanyo@hbits.co"
    }
  },
  {
    "_id": {
      "$oid": "610021c0f2ac5b014f3cb722"
    },
    "kyc": {
      "id_proof": {
        "invalid_reasons": []
      },
      "address_proof": {
        "invalid_reasons": []
      }
    },
    "nationality": "INDIAN",
    "email_verified": false,
    "invited": false,
    "signed_up": true,
    "first_name": "CP test lead ",
    "last_name": "03",
    "email": "dummy@gmail.com",
    "phone_number": "+91569856641",
    "channel_partner_id": "60ffd1f39f38d255a28f0761",
    "channel_partner_no": "9243",
    "user_type": "CUSTOMER",
    "reset_password_code": "tNByCUhPj",
    "signed_up_at": {
      "$date": {
        "$numberLong": "1627398592743"
      }
    },
    "ip_address": "65.1.47.133",
    "__v": 0,
    "additionalFiles": [],
    "bank_cheque_invalid_reasons": [],
    "bank_cheque_verified": false,
    "joint_account": false,
    "lead_square": {
      "Before": {
        "ProspectID": "03097513-59e8-404d-8964-a77b1577ca01",
        "ProspectAutoId": "46291",
        "FirstName": "Jas Simran",
        "LastName": "Singh",
        "EmailAddress": "Dummy@gmail.com",
        "Phone": "+91-7400379890",
        "Mobile": null,
        "Source": "Inbound Phone call",
        "SourceMedium": null,
        "SourceCampaign": null,
        "ProspectStage": "Junk",
        "Score": "0",
        "EngagementScore": "0",
        "ProspectActivityName_Max": "Tele Calling Status- Outbound Call Connected",
        "ProspectActivityDate_Max": "2021-11-22 06:57:48",
        "OwnerId": "66f6c54a-33f0-11ec-bdcc-02aca1b5f6dc",
        "ModifiedBy": "e1b3100d-be00-11eb-9e36-0a2bd9889d72",
        "ModifiedOn": "2022-07-19 05:41:13",
        "LastModifiedOn": "2022-07-19 05:41:50",
        "mx_KYC_Status": null,
        "NotableEventdate": "2022-07-19 05:41:13",
        "QualityScore01": null,
        "ConversionReferrerURL": null,
        "SourceReferrerURL": null,
        "SourceIPAddress": null,
        "LeadLastModifiedOn": "2022-07-19 05:41:50",
        "OwnerIdName": "Naresh Lankothu",
        "OwnerIdEmailAddress": "naresh@hbits.co",
        "ModifiedByName": "Jeslin George",
        "Owner_FirstName": "Naresh",
        "Owner_LastName": "Lankothu",
        "Owner_EmailAddress": "naresh@hbits.co",
        "Owner_FullName": "Naresh Lankothu",
        "Owner_AssociatedPhoneNumbers": "+91-7710050152",
        "ModifiedByEmail": "jeslin@hbits.co"
      },
      "After": {
        "ProspectID": "03097513-59e8-404d-8964-a77b1577ca01",
        "ProspectAutoId": "46291",
        "FirstName": "CP test lead",
        "LastName": "03",
        "EmailAddress": "Dummy@gmail.com",
        "Phone": "+91-1569856641",
        "Mobile": null,
        "Source": "Inbound Phone call",
        "SourceMedium": null,
        "SourceCampaign": null,
        "ProspectStage": "Junk",
        "Score": "0",
        "EngagementScore": "0",
        "ProspectActivityName_Max": "Tele Calling Status- Outbound Call Connected",
        "ProspectActivityDate_Max": "2021-11-22 06:57:48",
        "OwnerId": "e1b31033-be00-11eb-9e36-0a2bd9889d72",
        "ModifiedBy": "d4e742a1-13bf-11ed-ab45-0a6b7c954b8a",
        "ModifiedOn": "2023-01-19 06:02:40",
        "LastModifiedOn": "2023-01-19 06:02:40",
        "mx_KYC_Status": "KYC Not Submitted",
        "NotableEventdate": "2023-01-19 06:02:40",
        "QualityScore01": null,
        "ConversionReferrerURL": null,
        "SourceReferrerURL": null,
        "SourceIPAddress": null,
        "LeadLastModifiedOn": "2023-01-19 06:02:40",
        "OwnerIdName": "System",
        "OwnerIdEmailAddress": "hbits@leadsquared.com",
        "ModifiedByName": "CawStudios LSQ User",
        "Owner_FirstName": "System",
        "Owner_LastName": "",
        "Owner_EmailAddress": "hbits@leadsquared.com",
        "Owner_FullName": "System",
        "Owner_AssociatedPhoneNumbers": null,
        "ModifiedByEmail": "kartik.bansal@hbits.co"
      }
    },
    "new_user": false,
    "no_of_users": 0,
    "phone_no_verified": false,
    "re_enquiry": 0,
    "recyclable_files": [],
    "user_ownership_type": "INDIVIDUAL"
  },
  {
    "_id": {
      "$oid": "6103ad068c515f05559b8111"
    },
    "kyc": {
      "id_proof": {
        "invalid_reasons": []
      },
      "address_proof": {
        "invalid_reasons": []
      }
    },
    "nationality": "INDIAN",
    "email_verified": false,
    "invited": false,
    "signed_up": true,
    "first_name": "Pooja ",
    "last_name": "Ahuja",
    "email": "ahujapooja84@gmail.com",
    "phone_number": "+919999178660",
    "channel_partner_id": "60b5b9e3c7d61f0d1f698bcd",
    "channel_partner_no": "1299",
    "user_type": "CUSTOMER",
    "reset_password_code": "ODYOSt9GD",
    "signed_up_at": {
      "$date": {
        "$numberLong": "1627630854569"
      }
    },
    "ip_address": "65.1.47.133",
    "__v": 0
  },
  {
    "_id": {
      "$oid": "61821c04cbcd9258928eea3b"
    },
    "kyc": {
      "id_proof": {
        "invalid_reasons": []
      },
      "address_proof": {
        "invalid_reasons": []
      }
    },
    "nationality": "INDIAN",
    "email_verified": false,
    "invited": false,
    "signed_up": true,
    "first_name": "Test Client",
    "last_name": "Client Lastname",
    "email": "testclient@gmail.com",
    "phone_number": "+912314567890",
    "channel_partner_id": "617159a9ade359167268db1a",
    "channel_partner_no": "9302",
    "comment": "",
    "countryCode": "91",
    "user_type": "CUSTOMER",
    "saluation": "Mr.",
    "delinked": false,
    "reset_password_code": "jbIFD7Wwy",
    "signed_up_at": {
      "$date": {
        "$numberLong": "1635916804947"
      }
    },
    "ip_address": "157.47.60.4",
    "__v": 0,
    "additionalFiles": [],
    "bank_cheque_invalid_reasons": [],
    "bank_cheque_verified": false,
    "joint_account": false,
    "lead_square": {
      "ProspectID": "4e1312d4-411b-4c11-8951-bc9d95a712fb",
      "ProspectAutoId": "217144",
      "FirstName": "Test Client",
      "LastName": "Client Lastname",
      "EmailAddress": "testclient@gmail.com",
      "Phone": "+91-2314567890",
      "Mobile": null,
      "Source": null,
      "SourceMedium": null,
      "SourceCampaign": null,
      "ProspectStage": "Lead",
      "Score": "0",
      "EngagementScore": "0",
      "ProspectActivityId_Max": "f70342c4-7577-43f6-8ffc-fd561bf59d2d",
      "ProspectActivityName_Max": null,
      "ProspectActivityDate_Max": null,
      "OwnerId": "ca35588d-be23-11eb-8de8-02aca1b5f6dc",
      "ModifiedBy": "d4e742a1-13bf-11ed-ab45-0a6b7c954b8a",
      "ModifiedOn": "2023-01-19 06:02:44",
      "LastModifiedOn": "2023-01-19 06:02:44",
      "mx_Interest": "0",
      "mx_Required_Budget": "0",
      "mx_Queries": "0",
      "mx_Understanding": "0",
      "mx_Urgency": "0",
      "mx_Lead_Status": "Pitch Incomplete",
      "mx_Existing_Customer": "0",
      "mx_CP_as_Lead": "0",
      "NotableEventdate": "2023-01-19 06:02:44",
      "LastVisitDate": null,
      "QualityScore01": null,
      "ConversionReferrerURL": null,
      "SourceReferrerURL": null,
      "SourceIPAddress": null,
      "LeadLastModifiedOn": "2023-01-19 06:02:44",
      "OwnerIdEmailAddress": "aabimaanyo@hbits.co",
      "ModifiedByName": "CawStudios LSQ User",
      "Origin": "API",
      "DoNotEmail": "0",
      "DoNotCall": "0",
      "FirstLandingPageSubmissionDate": null,
      "CreatedBy": "d4e742a1-13bf-11ed-ab45-0a6b7c954b8a",
      "CreatedOn": "2023-01-19 06:02:44",
      "LeadConversionDate": "2023-01-19 06:02:44",
      "StatusCode": "0",
      "StatusReason": "0",
      "IsLead": "1",
      "mx_Resident_Status": "RI",
      "mx_KYC_Status": "KYC Not Submitted",
      "NotableEvent": "Created",
      "SourceReferrer": "",
      "mx_Investment_Documents": null,
      "OwnerIdName": "Aabimaanyo Arora",
      "CreatedByName": "CawStudios LSQ User",
      "Account_CompanyName": "Hbits Proptech Private Limited",
      "Account_ShortName": "hbits",
      "Account_TimeZone": "Asia/Kolkata",
      "Account_Website": "www.hbits.co",
      "Account_Street1": "Ground Floor, G-4, Court Chambers",
      "Account_Street2": "35, Sir Vithaldas Thackersey Marg, New  Marine Lines",
      "Account_City": "Mumbai",
      "Account_State": "Maharashtra",
      "Account_Country": "India",
      "Account_Zip": "400020",
      "Owner_FirstName": "Aabimaanyo",
      "Owner_LastName": "Arora",
      "Owner_EmailAddress": "aabimaanyo@hbits.co",
      "Owner_FullName": "Aabimaanyo Arora",
      "Owner_TimeZone": "Asia/Kolkata",
      "Owner_AssociatedPhoneNumbers": "+91-7710055737",
      "Org_ShortCode": "54297",
      "Account_Address": "Hbits Proptech Private Limited{mxnewline}Ground Floor, G-4, Court Chambers,35, Sir Vithaldas Thackersey Marg, New  Marine Lines{mxnewline},Mumbai,Maharashtra{mxnewline} 400020{mxnewline}India.",
      "CreatedByEmail": "kartik.bansal@hbits.co",
      "ModifiedByEmail": "kartik.bansal@hbits.co",
      "CanUpdate": "true",
      "Before": {
        "ProspectID": "4e1312d4-411b-4c11-8951-bc9d95a712fb",
        "ProspectAutoId": "217144",
        "FirstName": "Test Client",
        "LastName": "Client Lastname",
        "EmailAddress": "testclient@gmail.com",
        "Phone": "+91-2314567890",
        "Mobile": null,
        "Source": null,
        "SourceMedium": null,
        "SourceCampaign": null,
        "ProspectStage": "Lead",
        "Score": "0",
        "EngagementScore": "0",
        "ProspectActivityName_Max": null,
        "ProspectActivityDate_Max": null,
        "OwnerId": "ca35588d-be23-11eb-8de8-02aca1b5f6dc",
        "ModifiedBy": "e1b31033-be00-11eb-9e36-0a2bd9889d72",
        "ModifiedOn": "2023-01-19 06:03:04",
        "LastModifiedOn": "2023-01-19 06:03:04",
        "mx_Resident_Status": "Undefined",
        "NotableEventdate": "2023-01-19 06:03:04",
        "QualityScore01": null,
        "ConversionReferrerURL": null,
        "SourceReferrerURL": null,
        "SourceIPAddress": null,
        "LeadLastModifiedOn": "2023-01-19 06:03:04",
        "OwnerIdEmailAddress": "aabimaanyo@hbits.co",
        "ModifiedByName": "System",
        "ModifiedByEmail": "hbits@leadsquared.com"
      },
      "After": {
        "ProspectID": "4e1312d4-411b-4c11-8951-bc9d95a712fb",
        "ProspectAutoId": "217144",
        "FirstName": "Test Client",
        "LastName": "Client Lastname",
        "EmailAddress": "testclient@gmail.com",
        "Phone": "+91-2314567890",
        "Mobile": null,
        "Source": null,
        "SourceMedium": null,
        "SourceCampaign": null,
        "ProspectStage": "Lead",
        "Score": "0",
        "EngagementScore": "0",
        "ProspectActivityName_Max": null,
        "ProspectActivityDate_Max": null,
        "OwnerId": "ca35588d-be23-11eb-8de8-02aca1b5f6dc",
        "ModifiedBy": "d4e742a1-13bf-11ed-ab45-0a6b7c954b8a",
        "ModifiedOn": "2023-01-19 06:08:28",
        "LastModifiedOn": "2023-01-19 06:08:28",
        "mx_Resident_Status": "RI",
        "NotableEventdate": "2023-01-19 06:08:28",
        "QualityScore01": null,
        "ConversionReferrerURL": null,
        "SourceReferrerURL": null,
        "SourceIPAddress": null,
        "LeadLastModifiedOn": "2023-01-19 06:08:28",
        "OwnerIdEmailAddress": "aabimaanyo@hbits.co",
        "ModifiedByName": "CawStudios LSQ User",
        "ModifiedByEmail": "kartik.bansal@hbits.co"
      }
    },
    "new_user": false,
    "no_of_users": 0,
    "phone_no_verified": false,
    "re_enquiry": 0,
    "user_ownership_type": "INDIVIDUAL",
    "owner": {
      "name": "Aabimaanyo Arora",
      "email": "aabimaanyo@hbits.co"
    },
    "recyclable_files": []
  },
  {
    "_id": {
      "$oid": "618b9c76e483222bdfe3e306"
    },
    "kyc": {
      "id_proof": {
        "invalid_reasons": []
      },
      "address_proof": {
        "invalid_reasons": []
      }
    },
    "nationality": "INDIAN",
    "email_verified": false,
    "invited": false,
    "signed_up": true,
    "first_name": "V test",
    "last_name": "P",
    "email": "digital@techstalwarts.com",
    "phone_number": "+919773516216",
    "channel_partner_id": "61824199cbcd9258928eea60",
    "channel_partner_no": "7391",
    "comment": "This is test account",
    "countryCode": "91",
    "user_type": "CUSTOMER",
    "saluation": "Mr.",
    "delinked": false,
    "reset_password_code": "wCa4wvkby",
    "signed_up_at": {
      "$date": {
        "$numberLong": "1636539510171"
      }
    },
    "ip_address": "223.184.212.68",
    "__v": 0,
    "additionalFiles": [],
    "joint_account": false,
    "lead_square": {
      "ProspectID": "b07b857a-7bcc-4d50-83bf-ec871d1b5de7",
      "ProspectAutoId": "51277",
      "FirstName": "V test",
      "LastName": "P",
      "EmailAddress": "digital@techstalwarts.com",
      "Phone": "+91-9773516216",
      "Mobile": null,
      "Source": "BusinessAssociates",
      "SourceMedium": "",
      "SourceCampaign": "",
      "ProspectStage": "Prospect",
      "Score": "25",
      "EngagementScore": "0",
      "ProspectActivityName_Max": "Email Opened",
      "ProspectActivityDate_Max": "2022-02-01 11:16:32",
      "OwnerId": "f1e35f88-6e25-11ec-aa9e-02342baa918a",
      "ModifiedBy": "77fd8957-8a6c-11ec-a446-0a6b7c954b8a",
      "ModifiedOn": "2022-07-25 12:43:26",
      "LastModifiedOn": "2022-07-25 12:43:26",
      "mx_Old_Lead_Owner": "Muzammil - reassigned as Mar 3rd-22 mail",
      "NotableEvent": "Modified",
      "NotableEventdate": "2022-07-25 12:43:26",
      "QualityScore01": null,
      "ConversionReferrerURL": null,
      "SourceReferrerURL": null,
      "SourceIPAddress": null,
      "LeadLastModifiedOn": "2022-07-25 12:43:26",
      "OwnerIdEmailAddress": "ashish@hbits.co",
      "ModifiedByName": "Krishna Menon",
      "OwnerIdName": "Ashish Sharma",
      "Owner_FirstName": "Ashish",
      "Owner_MiddleName": null,
      "Owner_LastName": "Sharma",
      "Owner_EmailAddress": "ashish@hbits.co",
      "Owner_FullName": "Ashish Sharma",
      "Owner_AssociatedPhoneNumbers": "+91-8591965730",
      "mx_Resident_Status": "Undefined",
      "mx_Related_CP_phone_number": "+91-9699534817",
      "mx_FrenchMNC": "-",
      "mx_KYC_Status": "KYC Not Submitted",
      "mx_FrenchMNC_Status": "-",
      "mx_TimesSquare_Stage": "-",
      "mx_TimesSquare_Status": "-",
      "mx_budget_qualification": "0",
      "mx_Akruti_stage": "-",
      "mx_KYC_Documents": "{\"Status\":\"\",\"mx_CustomObject_1\":\"\"}",
      "DoNotSMS": "0",
      "mx_Account_Info_for_KYC_Upload": "Individual"
    },
    "no_of_users": 0,
    "phone_no_verified": false,
    "re_enquiry": 0,
    "user_ownership_type": "INDIVIDUAL",
    "owner": {
      "name": "Ashish ",
      "email": "ashish@hbits.co"
    },
    "bank_cheque_invalid_reasons": [],
    "bank_cheque_verified": false,
    "new_user": false,
    "recyclable_files": []
  },
  {
    "_id": {
      "$oid": "61c9bffd266bf36f8c889047"
    },
    "kyc": {
      "id_proof": {
        "invalid_reasons": []
      },
      "address_proof": {
        "invalid_reasons": []
      }
    },
    "re_enquiry": 0,
    "joint_account": false,
    "no_of_users": 0,
    "nationality": "INDIAN",
    "email_verified": true,
    "user_ownership_type": "INDIVIDUAL",
    "phone_no_verified": false,
    "invited": false,
    "signed_up": false,
    "reset_password_code": "",
    "first_name": "Shubham",
    "last_name": "S",
    "email": "shubham.banerjee@sbnri.com",
    "phone_number": "+919739916725",
    "user_type": "CUSTOMER",
    "lead_square": {
      "ProspectID": "1abdd48e-4ddf-411e-b8fe-a6fb6a5b30ac",
      "ProspectAutoId": "54702",
      "FirstName": "Shubham",
      "LastName": "Banerjee",
      "EmailAddress": "shubham.banerjee@sbnri.com",
      "Origin": "API",
      "Phone": "+91-9739916725",
      "Mobile": null,
      "Source": "Organic Search",
      "SourceMedium": "",
      "SourceCampaign": "",
      "DoNotEmail": "0",
      "DoNotCall": "0",
      "ProspectStage": "Channel Partner",
      "Score": "93",
      "EngagementScore": "0",
      "ProspectActivityName_Max": "Email Opened",
      "ProspectActivityDate_Max": "2022-07-15 08:43:26",
      "FirstLandingPageSubmissionDate": null,
      "OwnerId": "21b0683b-dc72-11eb-8de8-02aca1b5f6dc",
      "CreatedBy": "e1b31033-be00-11eb-9e36-0a2bd9889d72",
      "CreatedOn": "2021-12-27 13:29:08",
      "ModifiedBy": "77fd8957-8a6c-11ec-a446-0a6b7c954b8a",
      "ModifiedOn": "2022-07-27 05:38:09",
      "LeadConversionDate": "2021-12-27 13:29:08",
      "StatusCode": "0",
      "StatusReason": "0",
      "IsLead": "1",
      "LastModifiedOn": "2022-07-27 05:38:09",
      "mx_Related_CP_phone_number": "+91-9739916725",
      "NotableEvent": "Modified",
      "NotableEventdate": "2022-07-27 05:38:09",
      "SourceReferrer": "",
      "LastVisitDate": "2022-03-14 06:13:04",
      "IsPrimaryContact": "0",
      "QualityScore01": null,
      "ConversionReferrerURL": null,
      "SourceReferrerURL": null,
      "SourceIPAddress": null,
      "LeadLastModifiedOn": "2022-07-27 05:38:09",
      "OwnerIdName": "Pradeep Murthy",
      "OwnerIdEmailAddress": "pradeep@hbits.co",
      "CreatedByName": "System",
      "ModifiedByName": "Krishna Menon",
      "CanUpdate": "true",
      "mx_Lead_Status": "Pitch Incomplete",
      "mx_Feedback_added": "Yes!",
      "ProspectActivityId_Max": "ee86a564-03de-44c4-bf0e-1e2e8ce38080",
      "mx_G_Meet_DandT": "2022-03-11 10:42:00",
      "mx_Resident_Status": "Undefined",
      "mx_KYC_Status": "KYC Not Submitted",
      "mx_TimesSquare_Stage": "-",
      "mx_TimesSquare_Status": "-",
      "Owner_FirstName": "Pradeep",
      "Owner_LastName": "Murthy",
      "Owner_EmailAddress": "pradeep@hbits.co",
      "Owner_FullName": "Pradeep Murthy",
      "Owner_AssociatedPhoneNumbers": "+91-7208845861",
      "mx_Old_Lead_Owner": "Deviation as per mail 3rd March,22",
      "mx_Subsource": "Website",
      "mx_State": "West Bengal",
      "mx_FrenchMNC": "-",
      "mx_FrenchMNC_Status": "-",
      "mx_budget_qualification": "0",
      "mx_Akruti_stage": "-",
      "mx_KYC_Documents": "{\"Status\":\"\",\"mx_CustomObject_1\":\"\",\"mx_CustomObject_2\":\"\",\"mx_CustomObject_3\":\"\",\"mx_CustomObject_4\":\"\",\"mx_CustomObject_5\":\"\"}",
      "mx_Account_Info_for_KYC_Upload": "Individual",
      "DoNotSMS": "0",
      "Before": {
        "ProspectID": "1abdd48e-4ddf-411e-b8fe-a6fb6a5b30ac",
        "ProspectAutoId": "54702",
        "FirstName": "Shubham",
        "LastName": "Banerjee",
        "EmailAddress": "shubham.banerjee@sbnri.com",
        "Phone": "+91-9739916725",
        "Mobile": null,
        "Source": "Organic Search",
        "SourceMedium": "",
        "SourceCampaign": "",
        "ProspectStage": "Channel Partner",
        "Score": "233",
        "EngagementScore": "0",
        "ProspectActivityName_Max": "Lead Qualification",
        "ProspectActivityDate_Max": "2023-01-10 06:13:34",
        "OwnerId": "21b0683b-dc72-11eb-8de8-02aca1b5f6dc",
        "ModifiedOn": "2023-01-10 06:13:37",
        "LastModifiedOn": "2023-01-10 06:13:38",
        "NotableEventdate": "2023-01-10 06:13:37",
        "QualityScore01": null,
        "ConversionReferrerURL": null,
        "SourceReferrerURL": null,
        "SourceIPAddress": null,
        "LeadLastModifiedOn": "2023-01-10 06:13:38",
        "OwnerIdEmailAddress": "pradeep@hbits.co"
      },
      "After": {
        "ProspectID": "1abdd48e-4ddf-411e-b8fe-a6fb6a5b30ac",
        "ProspectAutoId": "54702",
        "FirstName": "Shubham",
        "LastName": "Banerjee",
        "EmailAddress": "shubham.banerjee@sbnri.com",
        "Phone": "+91-9739916725",
        "Mobile": null,
        "Source": "Organic Search",
        "SourceMedium": "",
        "SourceCampaign": "",
        "ProspectStage": "Channel Partner",
        "Score": "233",
        "EngagementScore": "0",
        "ProspectActivityName_Max": "Lead Qualification",
        "ProspectActivityDate_Max": "2023-01-10 06:13:34",
        "OwnerId": "21b0683b-dc72-11eb-8de8-02aca1b5f6dc",
        "ModifiedOn": "2023-01-10 06:13:48",
        "LastModifiedOn": "2023-01-10 06:13:48",
        "NotableEventdate": "2023-01-10 06:13:48",
        "QualityScore01": null,
        "ConversionReferrerURL": null,
        "SourceReferrerURL": null,
        "SourceIPAddress": null,
        "LeadLastModifiedOn": "2023-01-10 06:13:48",
        "OwnerIdEmailAddress": "pradeep@hbits.co"
      }
    },
    "channel_partner_id": "61c9bfa5266bf36f8c889042",
    "channel_partner_no": "8939",
    "additionalFiles": [],
    "__v": 0,
    "email_verified_at": {
      "$date": {
        "$numberLong": "1640612964287"
      }
    },
    "owner": {
      "name": "Pradeep Murthy",
      "email": "pradeep@hbits.co"
    },
    "bank_cheque_invalid_reasons": [],
    "bank_cheque_verified": false,
    "new_user": false,
    "recyclable_files": []
  },
  {
    "_id": {
      "$oid": "6204223786d11a4d9f5e4f8b"
    },
    "kyc": {
      "id_proof": {
        "invalid_reasons": []
      },
      "address_proof": {
        "invalid_reasons": []
      }
    },
    "re_enquiry": 0,
    "joint_account": false,
    "no_of_users": 0,
    "nationality": "INDIAN",
    "email_verified": false,
    "user_ownership_type": "INDIVIDUAL",
    "phone_no_verified": false,
    "invited": false,
    "signed_up": true,
    "first_name": "Test",
    "last_name": "Test1",
    "email": "test11@gmail.com",
    "phone_number": "+919856321470",
    "channel_partner_id": "620417dd909a2e4b1c43c750",
    "channel_partner_no": "5198",
    "comment": "",
    "countryCode": "91",
    "user_type": "CUSTOMER",
    "saluation": "Mr.",
    "delinked": false,
    "reset_password_code": "W-5pgDT7Q",
    "phone_no_verified_at": null,
    "signed_up_at": {
      "$date": {
        "$numberLong": "1644438071842"
      }
    },
    "ip_address": "157.47.16.172",
    "additionalFiles": [],
    "__v": 0,
    "lead_square": {
      "ProspectID": "bcd71d22-576b-4da8-81ab-f758a25dd3f1",
      "ProspectAutoId": "217188",
      "FirstName": "Test",
      "LastName": "Test1",
      "EmailAddress": "test11@gmail.com",
      "Origin": "API",
      "Phone": "+91-9856321470",
      "Mobile": null,
      "Source": null,
      "SourceMedium": null,
      "SourceCampaign": null,
      "DoNotEmail": "0",
      "DoNotCall": "0",
      "ProspectStage": "Lead",
      "Score": "0",
      "EngagementScore": "0",
      "ProspectActivityName_Max": null,
      "ProspectActivityDate_Max": null,
      "FirstLandingPageSubmissionDate": null,
      "OwnerId": "ca35588d-be23-11eb-8de8-02aca1b5f6dc",
      "CreatedBy": "d4e742a1-13bf-11ed-ab45-0a6b7c954b8a",
      "CreatedOn": "2023-01-19 06:02:54",
      "ModifiedBy": "d4e742a1-13bf-11ed-ab45-0a6b7c954b8a",
      "ModifiedOn": "2023-01-19 06:02:54",
      "LeadConversionDate": "2023-01-19 06:02:54",
      "StatusCode": "0",
      "StatusReason": "0",
      "IsLead": "1",
      "LastModifiedOn": "2023-01-19 06:02:54",
      "mx_Subsource": "Channel Partner",
      "mx_Related_CP_phone_number": "+919699534817",
      "mx_State": "West Bengal",
      "mx_KYC_Status": "KYC Not Submitted",
      "NotableEvent": "Created",
      "NotableEventdate": "2023-01-19 06:02:54",
      "SourceReferrer": "",
      "LastVisitDate": null,
      "IsPrimaryContact": "0",
      "QualityScore01": null,
      "ConversionReferrerURL": null,
      "SourceReferrerURL": null,
      "SourceIPAddress": null,
      "LeadLastModifiedOn": "2023-01-19 06:02:54",
      "OwnerIdName": "Aabimaanyo Arora",
      "OwnerIdEmailAddress": "aabimaanyo@hbits.co",
      "CreatedByName": "CawStudios LSQ User",
      "ModifiedByName": "CawStudios LSQ User",
      "Account_CompanyName": "Hbits Proptech Private Limited",
      "Account_ShortName": "hbits",
      "Account_TimeZone": "Asia/Kolkata",
      "Account_Website": "www.hbits.co",
      "Account_Street1": "Ground Floor, G-4, Court Chambers",
      "Account_Street2": "35, Sir Vithaldas Thackersey Marg, New  Marine Lines",
      "Account_City": "Mumbai",
      "Account_State": "Maharashtra",
      "Account_Country": "India",
      "Account_Zip": "400020",
      "Owner_FirstName": "Aabimaanyo",
      "Owner_LastName": "Arora",
      "Owner_EmailAddress": "aabimaanyo@hbits.co",
      "Owner_FullName": "Aabimaanyo Arora",
      "Owner_TimeZone": "Asia/Kolkata",
      "Owner_AssociatedPhoneNumbers": "+91-7710055737",
      "Org_ShortCode": "54297",
      "Account_Address": "Hbits Proptech Private Limited{mxnewline}Ground Floor, G-4, Court Chambers,35, Sir Vithaldas Thackersey Marg, New  Marine Lines{mxnewline},Mumbai,Maharashtra{mxnewline} 400020{mxnewline}India.",
      "CanUpdate": "true",
      "ProspectActivityId_Max": "4297b611-7584-47cf-9ae3-11bde19813e7",
      "mx_Interest": "0",
      "mx_Required_Budget": "0",
      "mx_Queries": "0",
      "mx_Understanding": "0",
      "mx_Urgency": "0",
      "mx_CP_as_Lead": "0",
      "mx_Feedback_added": "Yes!",
      "mx_Lead_Status": "Junk",
      "mx_Resident_Status": "RI",
      "mx_Investment_Documents": null,
      "CreatedByEmail": "kartik.bansal@hbits.co",
      "ModifiedByEmail": "kartik.bansal@hbits.co",
      "Before": {
        "ProspectID": "bcd71d22-576b-4da8-81ab-f758a25dd3f1",
        "ProspectAutoId": "217188",
        "FirstName": "Test",
        "LastName": "Test1",
        "EmailAddress": "test11@gmail.com",
        "Phone": "+91-9856321470",
        "Mobile": null,
        "Source": null,
        "SourceMedium": null,
        "SourceCampaign": null,
        "ProspectStage": "Lead",
        "Score": "0",
        "EngagementScore": "0",
        "ProspectActivityName_Max": null,
        "ProspectActivityDate_Max": null,
        "OwnerId": "ca35588d-be23-11eb-8de8-02aca1b5f6dc",
        "ModifiedBy": "e1b31033-be00-11eb-9e36-0a2bd9889d72",
        "ModifiedOn": "2023-01-19 06:03:14",
        "LastModifiedOn": "2023-01-19 06:03:14",
        "mx_Resident_Status": "Undefined",
        "NotableEventdate": "2023-01-19 06:03:14",
        "QualityScore01": null,
        "ConversionReferrerURL": null,
        "SourceReferrerURL": null,
        "SourceIPAddress": null,
        "LeadLastModifiedOn": "2023-01-19 06:03:14",
        "OwnerIdEmailAddress": "aabimaanyo@hbits.co",
        "ModifiedByName": "System",
        "ModifiedByEmail": "hbits@leadsquared.com"
      },
      "After": {
        "ProspectID": "bcd71d22-576b-4da8-81ab-f758a25dd3f1",
        "ProspectAutoId": "217188",
        "FirstName": "Test",
        "LastName": "Test1",
        "EmailAddress": "test11@gmail.com",
        "Phone": "+91-9856321470",
        "Mobile": null,
        "Source": null,
        "SourceMedium": null,
        "SourceCampaign": null,
        "ProspectStage": "Lead",
        "Score": "0",
        "EngagementScore": "0",
        "ProspectActivityName_Max": null,
        "ProspectActivityDate_Max": null,
        "OwnerId": "ca35588d-be23-11eb-8de8-02aca1b5f6dc",
        "ModifiedBy": "d4e742a1-13bf-11ed-ab45-0a6b7c954b8a",
        "ModifiedOn": "2023-01-19 06:08:45",
        "LastModifiedOn": "2023-01-19 06:08:45",
        "mx_Resident_Status": "RI",
        "NotableEventdate": "2023-01-19 06:08:45",
        "QualityScore01": null,
        "ConversionReferrerURL": null,
        "SourceReferrerURL": null,
        "SourceIPAddress": null,
        "LeadLastModifiedOn": "2023-01-19 06:08:45",
        "OwnerIdEmailAddress": "aabimaanyo@hbits.co",
        "ModifiedByName": "CawStudios LSQ User",
        "ModifiedByEmail": "kartik.bansal@hbits.co"
      }
    },
    "owner": {
      "name": "Aabimaanyo Arora",
      "email": "aabimaanyo@hbits.co"
    },
    "bank_cheque_invalid_reasons": [],
    "bank_cheque_verified": false,
    "new_user": false,
    "recyclable_files": []
  },
  {
    "_id": {
      "$oid": "6204251f86d11a4d9f5e4f96"
    },
    "kyc": {
      "id_proof": {
        "invalid_reasons": []
      },
      "address_proof": {
        "invalid_reasons": []
      }
    },
    "re_enquiry": 0,
    "joint_account": false,
    "no_of_users": 0,
    "nationality": "INDIAN",
    "email_verified": false,
    "user_ownership_type": "INDIVIDUAL",
    "phone_no_verified": false,
    "invited": false,
    "signed_up": true,
    "first_name": "Vijay",
    "last_name": "Pawar",
    "email": "test44@gmail.com",
    "phone_number": "+915896471230",
    "channel_partner_id": "620417dd909a2e4b1c43c750",
    "channel_partner_no": "5198",
    "comment": "",
    "countryCode": "91",
    "user_type": "CUSTOMER",
    "saluation": "Mr.",
    "delinked": false,
    "reset_password_code": "dTDmCTfff",
    "phone_no_verified_at": null,
    "signed_up_at": {
      "$date": {
        "$numberLong": "1644438815651"
      }
    },
    "ip_address": "157.47.16.172",
    "additionalFiles": [],
    "__v": 0,
    "lead_square": {
      "ProspectID": "26521453-1f5b-4dee-9898-73fde101f16f",
      "ProspectAutoId": "217189",
      "FirstName": "Vijay",
      "LastName": "Pawar",
      "EmailAddress": "test44@gmail.com",
      "Origin": "API",
      "Phone": "+91-5896471230",
      "Mobile": null,
      "Source": null,
      "SourceMedium": null,
      "SourceCampaign": null,
      "DoNotEmail": "0",
      "DoNotCall": "0",
      "ProspectStage": "Lead",
      "Score": "0",
      "EngagementScore": "0",
      "ProspectActivityName_Max": null,
      "ProspectActivityDate_Max": null,
      "FirstLandingPageSubmissionDate": null,
      "OwnerId": "21b0683b-dc72-11eb-8de8-02aca1b5f6dc",
      "CreatedBy": "d4e742a1-13bf-11ed-ab45-0a6b7c954b8a",
      "CreatedOn": "2023-01-19 06:02:54",
      "ModifiedBy": "d4e742a1-13bf-11ed-ab45-0a6b7c954b8a",
      "ModifiedOn": "2023-01-19 06:02:54",
      "LeadConversionDate": "2023-01-19 06:02:54",
      "StatusCode": "0",
      "StatusReason": "0",
      "IsLead": "1",
      "LastModifiedOn": "2023-01-19 06:02:54",
      "mx_Subsource": "Channel Partner",
      "mx_Related_CP_phone_number": "+919699534817",
      "mx_State": "Burgenland",
      "mx_KYC_Status": "KYC Not Submitted",
      "NotableEvent": "Created",
      "NotableEventdate": "2023-01-19 06:02:54",
      "SourceReferrer": "",
      "LastVisitDate": null,
      "IsPrimaryContact": "0",
      "QualityScore01": null,
      "ConversionReferrerURL": null,
      "SourceReferrerURL": null,
      "SourceIPAddress": null,
      "LeadLastModifiedOn": "2023-01-19 06:02:54",
      "OwnerIdName": "Pradeep Murthy",
      "OwnerIdEmailAddress": "pradeep@hbits.co",
      "CreatedByName": "CawStudios LSQ User",
      "ModifiedByName": "CawStudios LSQ User",
      "Account_CompanyName": "Hbits Proptech Private Limited",
      "Account_ShortName": "hbits",
      "Account_TimeZone": "Asia/Kolkata",
      "Account_Website": "www.hbits.co",
      "Account_Street1": "Ground Floor, G-4, Court Chambers",
      "Account_Street2": "35, Sir Vithaldas Thackersey Marg, New  Marine Lines",
      "Account_City": "Mumbai",
      "Account_State": "Maharashtra",
      "Account_Country": "India",
      "Account_Zip": "400020",
      "Owner_FirstName": "Pradeep",
      "Owner_LastName": "Murthy",
      "Owner_EmailAddress": "pradeep@hbits.co",
      "Owner_FullName": "Pradeep Murthy",
      "Owner_TimeZone": "Asia/Kolkata",
      "Owner_AssociatedPhoneNumbers": "+91-7208845861",
      "Org_ShortCode": "54297",
      "Account_Address": "Hbits Proptech Private Limited{mxnewline}Ground Floor, G-4, Court Chambers,35, Sir Vithaldas Thackersey Marg, New  Marine Lines{mxnewline},Mumbai,Maharashtra{mxnewline} 400020{mxnewline}India.",
      "CanUpdate": "true",
      "ProspectActivityId_Max": "2a9b3aec-0e50-45ad-ba88-6192dec7a434",
      "mx_Qualification_Status": "Unqualified",
      "mx_Lead_Qualification_Score": "2",
      "mx_Interest": "1",
      "mx_Required_Budget": "0",
      "mx_Queries": "0",
      "mx_Understanding": "0",
      "mx_Urgency": "0",
      "mx_QualificationStatus": "Unqualified",
      "mx_Existing_Customer": "0",
      "mx_CP_as_Lead": "0",
      "mx_Resident_Status": "RI",
      "mx_Investment_Documents": null,
      "CreatedByEmail": "kartik.bansal@hbits.co",
      "ModifiedByEmail": "kartik.bansal@hbits.co",
      "Before": {
        "ProspectID": "26521453-1f5b-4dee-9898-73fde101f16f",
        "ProspectAutoId": "217189",
        "FirstName": "Vijay",
        "LastName": "Pawar",
        "EmailAddress": "test44@gmail.com",
        "Phone": "+91-5896471230",
        "Mobile": null,
        "Source": null,
        "SourceMedium": null,
        "SourceCampaign": null,
        "ProspectStage": "Lead",
        "Score": "0",
        "EngagementScore": "0",
        "ProspectActivityName_Max": null,
        "ProspectActivityDate_Max": null,
        "OwnerId": "21b0683b-dc72-11eb-8de8-02aca1b5f6dc",
        "ModifiedBy": "e1b31033-be00-11eb-9e36-0a2bd9889d72",
        "ModifiedOn": "2023-01-19 06:03:23",
        "LastModifiedOn": "2023-01-19 06:03:22",
        "mx_Resident_Status": "Undefined",
        "NotableEventdate": "2023-01-19 06:03:23",
        "QualityScore01": null,
        "ConversionReferrerURL": null,
        "SourceReferrerURL": null,
        "SourceIPAddress": null,
        "LeadLastModifiedOn": "2023-01-19 06:03:22",
        "OwnerIdEmailAddress": "pradeep@hbits.co",
        "ModifiedByName": "System",
        "ModifiedByEmail": "hbits@leadsquared.com"
      },
      "After": {
        "ProspectID": "26521453-1f5b-4dee-9898-73fde101f16f",
        "ProspectAutoId": "217189",
        "FirstName": "Vijay",
        "LastName": "Pawar",
        "EmailAddress": "test44@gmail.com",
        "Phone": "+91-5896471230",
        "Mobile": null,
        "Source": null,
        "SourceMedium": null,
        "SourceCampaign": null,
        "ProspectStage": "Lead",
        "Score": "0",
        "EngagementScore": "0",
        "ProspectActivityName_Max": null,
        "ProspectActivityDate_Max": null,
        "OwnerId": "21b0683b-dc72-11eb-8de8-02aca1b5f6dc",
        "ModifiedBy": "d4e742a1-13bf-11ed-ab45-0a6b7c954b8a",
        "ModifiedOn": "2023-01-19 06:08:45",
        "LastModifiedOn": "2023-01-19 06:08:45",
        "mx_Resident_Status": "RI",
        "NotableEventdate": "2023-01-19 06:08:45",
        "QualityScore01": null,
        "ConversionReferrerURL": null,
        "SourceReferrerURL": null,
        "SourceIPAddress": null,
        "LeadLastModifiedOn": "2023-01-19 06:08:45",
        "OwnerIdEmailAddress": "pradeep@hbits.co",
        "ModifiedByName": "CawStudios LSQ User",
        "ModifiedByEmail": "kartik.bansal@hbits.co"
      }
    },
    "owner": {
      "name": "Pradeep Murthy",
      "email": "pradeep@hbits.co"
    },
    "bank_cheque_invalid_reasons": [],
    "bank_cheque_verified": false,
    "new_user": false,
    "recyclable_files": []
  },
  {
    "_id": {
      "$oid": "62049bf35727514f656d1e64"
    },
    "kyc": {
      "id_proof": {
        "invalid_reasons": []
      },
      "address_proof": {
        "invalid_reasons": []
      }
    },
    "re_enquiry": 0,
    "joint_account": false,
    "no_of_users": 0,
    "nationality": "INDIAN",
    "email_verified": false,
    "user_ownership_type": "INDIVIDUAL",
    "phone_no_verified": false,
    "invited": false,
    "signed_up": true,
    "first_name": "Test",
    "last_name": "test3",
    "email": "test33@gmail.com",
    "phone_number": "+91856321470",
    "channel_partner_id": "620417dd909a2e4b1c43c750",
    "channel_partner_no": "5198",
    "comment": "",
    "countryCode": "91",
    "user_type": "CUSTOMER",
    "saluation": "Mr.",
    "delinked": false,
    "reset_password_code": "xh8BWn2DR",
    "phone_no_verified_at": null,
    "signed_up_at": {
      "$date": {
        "$numberLong": "1644469235278"
      }
    },
    "ip_address": "157.48.129.23",
    "additionalFiles": [],
    "__v": 0,
    "lead_square": {
      "ProspectID": "983d8615-75de-11ec-a446-0a6b7c954b8a",
      "ProspectAutoId": "62167",
      "FirstName": "Sameer",
      "LastName": "na",
      "EmailAddress": "test33@gmail.com",
      "Origin": "API",
      "Phone": "+91-7045254899",
      "Mobile": null,
      "Source": "Database",
      "SourceMedium": null,
      "SourceCampaign": null,
      "DoNotEmail": "0",
      "DoNotCall": "0",
      "ProspectStage": "Channel Partner",
      "Score": "0",
      "EngagementScore": "0",
      "ProspectActivityName_Max": null,
      "ProspectActivityDate_Max": null,
      "FirstLandingPageSubmissionDate": null,
      "OwnerId": "ff2cc0d9-5bd6-11ec-bdcc-02aca1b5f6dc",
      "CreatedBy": "e1b31033-be00-11eb-9e36-0a2bd9889d72",
      "CreatedOn": "2022-02-10 05:00:37",
      "ModifiedBy": "6655d163-3ae8-11ec-bdcc-02aca1b5f6dc",
      "ModifiedOn": "2022-04-06 13:36:17",
      "LeadConversionDate": "2022-02-10 05:00:37",
      "StatusCode": "0",
      "StatusReason": "0",
      "IsLead": "1",
      "LastModifiedOn": "2022-04-06 13:36:17",
      "mx_Subsource": "HNI Database",
      "mx_Related_CP_phone_number": "+919699534817",
      "mx_State": "West Bengal",
      "mx_KYC_Status": "KYC Not Submitted",
      "NotableEvent": "Created",
      "NotableEventdate": "2022-04-06 13:36:17",
      "SourceReferrer": "",
      "LastVisitDate": null,
      "IsPrimaryContact": "0",
      "QualityScore01": null,
      "ConversionReferrerURL": null,
      "SourceReferrerURL": null,
      "SourceIPAddress": null,
      "LeadLastModifiedOn": "2022-04-06 13:36:17",
      "OwnerIdName": "Ashish Sharma",
      "OwnerIdEmailAddress": "anup@hbits.co",
      "CreatedByName": "System",
      "ModifiedByName": "Integration Admin",
      "Account_CompanyName": "Hbits Proptech Private Limited",
      "Account_ShortName": "hbits",
      "Account_TimeZone": "Asia/Kolkata",
      "Account_Website": "www.hbits.co",
      "Account_Street1": "Ground Floor, G-4, Court Chambers",
      "Account_Street2": "35, Sir Vithaldas Thackersey Marg, New  Marine Lines",
      "Account_City": "Mumbai",
      "Account_State": "Maharashtra",
      "Account_Country": "India",
      "Account_Zip": "400020",
      "Owner_FirstName": "Ashish",
      "Owner_LastName": "Sharma",
      "Owner_EmailAddress": "ashish@hbits.co",
      "Owner_FullName": "Ashish Sharma",
      "Owner_TimeZone": "Asia/Kolkata",
      "Owner_AssociatedPhoneNumbers": "+91-8591965730",
      "Org_ShortCode": "54297",
      "Account_Address": "Hbits Proptech Private Limited{mxnewline}Ground Floor, G-4, Court Chambers,35, Sir Vithaldas Thackersey Marg, New  Marine Lines{mxnewline},Mumbai,Maharashtra{mxnewline} 400020{mxnewline}India.",
      "CanUpdate": "true",
      "mx_Lead_Status": "-",
      "mx_Resident_Status": "Undefined",
      "mx_Existing_Customer": "0",
      "mx_CP_as_Lead": "0",
      "mx_FrenchMNC": "-",
      "mx_FrenchMNC_Status": "-",
      "mx_TimesSquare_Stage": "-",
      "mx_TimesSquare_Status": "-",
      "mx_budget_qualification": "0",
      "mx_Akruti_stage": "-",
      "mx_KYC_Documents": "{\"Status\":\"\",\"mx_CustomObject_1\":\"\"}",
      "DoNotSMS": "0",
      "Before": {
        "ProspectID": "983d8615-75de-11ec-a446-0a6b7c954b8a",
        "ProspectAutoId": "62167",
        "FirstName": "Sameer",
        "LastName": "na",
        "EmailAddress": "test33@gmail.com",
        "Phone": "+91-7045254899",
        "Mobile": null,
        "Source": "Database",
        "SourceMedium": null,
        "SourceCampaign": null,
        "ProspectStage": "Channel Partner",
        "Score": "-5",
        "EngagementScore": "0",
        "ProspectActivityName_Max": "Email Bounced",
        "ProspectActivityDate_Max": "2022-05-11 11:30:23",
        "OwnerId": "ff2cc0d9-5bd6-11ec-bdcc-02aca1b5f6dc",
        "ModifiedBy": "6655d163-3ae8-11ec-bdcc-02aca1b5f6dc",
        "ModifiedOn": "2022-04-06 13:36:17",
        "LastModifiedOn": "2022-05-11 11:31:42",
        "mx_Contacted": null,
        "NotableEvent": "Email Bounced",
        "NotableEventdate": "2022-05-11 11:30:23",
        "QualityScore01": null,
        "ConversionReferrerURL": null,
        "SourceReferrerURL": null,
        "SourceIPAddress": null,
        "LeadLastModifiedOn": "2022-05-11 11:31:42",
        "OwnerIdEmailAddress": "anup@hbits.co",
        "ModifiedByName": "Integration Admin"
      },
      "After": {
        "ProspectID": "983d8615-75de-11ec-a446-0a6b7c954b8a",
        "ProspectAutoId": "62167",
        "FirstName": "Sameer",
        "LastName": "na",
        "EmailAddress": "test33@gmail.com",
        "Phone": "+91-7045254899",
        "Mobile": null,
        "Source": "Database",
        "SourceMedium": null,
        "SourceCampaign": null,
        "ProspectStage": "Channel Partner",
        "Score": "-5",
        "EngagementScore": "0",
        "ProspectActivityName_Max": "Email Bounced",
        "ProspectActivityDate_Max": "2022-05-11 11:30:23",
        "OwnerId": "ff2cc0d9-5bd6-11ec-bdcc-02aca1b5f6dc",
        "ModifiedBy": "ff2cc0d9-5bd6-11ec-bdcc-02aca1b5f6dc",
        "ModifiedOn": "2022-10-17 07:17:31",
        "LastModifiedOn": "2022-10-17 07:17:31",
        "mx_Contacted": "YES",
        "NotableEvent": "Modified",
        "NotableEventdate": "2022-10-17 07:17:31",
        "QualityScore01": null,
        "ConversionReferrerURL": null,
        "SourceReferrerURL": null,
        "SourceIPAddress": null,
        "LeadLastModifiedOn": "2022-10-17 07:17:31",
        "OwnerIdEmailAddress": "anup@hbits.co",
        "ModifiedByName": "Anup Nishad"
      }
    },
    "owner": {
      "name": "Anup ",
      "email": "anup@hbits.co"
    },
    "bank_cheque_invalid_reasons": [],
    "bank_cheque_verified": false,
    "new_user": false,
    "recyclable_files": []
  },
  {
    "_id": {
      "$oid": "6204227c86d11a4d9f5e4f8f"
    },
    "kyc": {
      "id_proof": {
        "invalid_reasons": []
      },
      "address_proof": {
        "invalid_reasons": []
      }
    },
    "re_enquiry": 0,
    "joint_account": false,
    "no_of_users": 0,
    "nationality": "INDIAN",
    "email_verified": false,
    "user_ownership_type": "INDIVIDUAL",
    "phone_no_verified": false,
    "invited": false,
    "signed_up": false,
    "reset_password_code": "jNVNUgZO6",
    "first_name": "Team",
    "last_name": "T",
    "email": "team1@gmail.com",
    "phone_number": "+91916589321470",
    "user_type": "CUSTOMER",
    "lead_square": {
      "ProspectID": "12c7551c-99d5-441a-9bf7-b6b885f0130d",
      "ProspectAutoId": "77344",
      "FirstName": "Team",
      "LastName": "Test",
      "EmailAddress": "team1@gmail.com",
      "Origin": "API",
      "Phone": "+91-916589321470",
      "Mobile": null,
      "Source": null,
      "SourceMedium": null,
      "SourceCampaign": null,
      "DoNotEmail": "0",
      "DoNotCall": "0",
      "ProspectStage": "Lead",
      "Score": "0",
      "EngagementScore": "0",
      "ProspectActivityName_Max": null,
      "ProspectActivityDate_Max": null,
      "FirstLandingPageSubmissionDate": null,
      "OwnerId": "f1e35f88-6e25-11ec-aa9e-02342baa918a",
      "CreatedBy": "e1b31033-be00-11eb-9e36-0a2bd9889d72",
      "CreatedOn": "2022-02-09 20:22:14",
      "ModifiedBy": "e1b31033-be00-11eb-9e36-0a2bd9889d72",
      "ModifiedOn": "2022-02-09 20:22:14",
      "LeadConversionDate": "2022-02-09 20:22:14",
      "StatusCode": "0",
      "StatusReason": "0",
      "IsLead": "1",
      "LastModifiedOn": "2022-02-09 20:22:14",
      "mx_Related_CP_phone_number": "+916589321470",
      "NotableEvent": "Created",
      "NotableEventdate": "2022-02-09 20:22:14",
      "SourceReferrer": "",
      "LastVisitDate": null,
      "IsPrimaryContact": "0",
      "QualityScore01": null,
      "ConversionReferrerURL": null,
      "SourceReferrerURL": null,
      "SourceIPAddress": null,
      "LeadLastModifiedOn": "2022-02-09 20:22:14",
      "OwnerIdName": "Ashish Sharma",
      "OwnerIdEmailAddress": "ashish@hbits.co",
      "CreatedByName": "System",
      "ModifiedByName": "System",
      "Account_CompanyName": "Hbits Proptech Private Limited",
      "Account_ShortName": "hbits",
      "Account_TimeZone": "Asia/Kolkata",
      "Account_Website": "www.hbits.co",
      "Account_Street1": "Ground Floor, G-4, Court Chambers",
      "Account_Street2": "35, Sir Vithaldas Thackersey Marg, New  Marine Lines",
      "Account_City": "Mumbai",
      "Account_State": "Maharashtra",
      "Account_Country": "India",
      "Account_Zip": "400020",
      "Owner_FirstName": "Ashish",
      "Owner_LastName": "Sharma",
      "Owner_EmailAddress": "ashish@hbits.co",
      "Owner_FullName": "Ashish Sharma",
      "Owner_TimeZone": "Asia/Kolkata",
      "Owner_AssociatedPhoneNumbers": "+91-8591965730",
      "Org_ShortCode": "54297",
      "Account_Address": "Hbits Proptech Private Limited{mxnewline}Ground Floor, G-4, Court Chambers,35, Sir Vithaldas Thackersey Marg, New  Marine Lines{mxnewline},Mumbai,Maharashtra{mxnewline} 400020{mxnewline}India.",
      "CanUpdate": "true"
    },
    "channel_partner_id": "6204227786d11a4d9f5e4f8d",
    "channel_partner_no": "9365",
    "additionalFiles": [],
    "__v": 0,
    "owner": {
      "name": "Ashish ",
      "email": "ashish@hbits.co"
    }
  },
  {
    "_id": {
      "$oid": "6204d3765a6ce05f76ee7cdf"
    },
    "kyc": {
      "id_proof": {
        "invalid_reasons": []
      },
      "address_proof": {
        "invalid_reasons": []
      }
    },
    "re_enquiry": 0,
    "joint_account": false,
    "no_of_users": 0,
    "nationality": "INDIAN",
    "email_verified": false,
    "user_ownership_type": "INDIVIDUAL",
    "phone_no_verified": false,
    "invited": false,
    "signed_up": true,
    "first_name": "Vijay Test",
    "last_name": "Pawar",
    "email": "test111@gmail.com",
    "phone_number": "+914712589630",
    "channel_partner_id": "620417dd909a2e4b1c43c750",
    "channel_partner_no": "5198",
    "comment": "",
    "countryCode": "91",
    "user_type": "CUSTOMER",
    "saluation": "Mr.",
    "delinked": false,
    "reset_password_code": "47mjaVHo2",
    "phone_no_verified_at": null,
    "signed_up_at": {
      "$date": {
        "$numberLong": "1644483446801"
      }
    },
    "ip_address": "157.47.31.13",
    "additionalFiles": [],
    "__v": 0,
    "lead_square": {
      "ProspectID": "1124a776-a810-4eb8-be1c-b2f089d865ae",
      "ProspectAutoId": "217190",
      "FirstName": "Vijay Test",
      "LastName": "Pawar",
      "EmailAddress": "test111@gmail.com",
      "Origin": "API",
      "Phone": "+91-4712589630",
      "Mobile": null,
      "Source": null,
      "SourceMedium": null,
      "SourceCampaign": null,
      "DoNotEmail": "0",
      "DoNotCall": "0",
      "ProspectStage": "Lead",
      "Score": "0",
      "EngagementScore": "0",
      "ProspectActivityName_Max": null,
      "ProspectActivityDate_Max": null,
      "FirstLandingPageSubmissionDate": null,
      "OwnerId": "f1e35f88-6e25-11ec-aa9e-02342baa918a",
      "CreatedBy": "d4e742a1-13bf-11ed-ab45-0a6b7c954b8a",
      "CreatedOn": "2023-01-19 06:02:54",
      "ModifiedBy": "d4e742a1-13bf-11ed-ab45-0a6b7c954b8a",
      "ModifiedOn": "2023-01-19 06:02:54",
      "LeadConversionDate": "2023-01-19 06:02:54",
      "StatusCode": "0",
      "StatusReason": "0",
      "IsLead": "1",
      "LastModifiedOn": "2023-01-19 06:02:54",
      "mx_Subsource": "Channel Partner",
      "mx_Related_CP_phone_number": "+919699534817",
      "mx_State": "Meghalaya",
      "mx_KYC_Status": "KYC Not Submitted",
      "NotableEvent": "Created",
      "NotableEventdate": "2023-01-19 06:02:54",
      "SourceReferrer": "",
      "LastVisitDate": null,
      "IsPrimaryContact": "0",
      "QualityScore01": null,
      "ConversionReferrerURL": null,
      "SourceReferrerURL": null,
      "SourceIPAddress": null,
      "LeadLastModifiedOn": "2023-01-19 06:02:54",
      "OwnerIdName": "Ashish Sharma",
      "OwnerIdEmailAddress": "ashish@hbits.co",
      "CreatedByName": "CawStudios LSQ User",
      "ModifiedByName": "CawStudios LSQ User",
      "Account_CompanyName": "Hbits Proptech Private Limited",
      "Account_ShortName": "hbits",
      "Account_TimeZone": "Asia/Kolkata",
      "Account_Website": "www.hbits.co",
      "Account_Street1": "Ground Floor, G-4, Court Chambers",
      "Account_Street2": "35, Sir Vithaldas Thackersey Marg, New  Marine Lines",
      "Account_City": "Mumbai",
      "Account_State": "Maharashtra",
      "Account_Country": "India",
      "Account_Zip": "400020",
      "Owner_FirstName": "Ashish",
      "Owner_LastName": "Sharma",
      "Owner_EmailAddress": "ashish@hbits.co",
      "Owner_FullName": "Ashish Sharma",
      "Owner_TimeZone": "Asia/Kolkata",
      "Owner_AssociatedPhoneNumbers": "+91-8591965730",
      "Org_ShortCode": "54297",
      "Account_Address": "Hbits Proptech Private Limited{mxnewline}Ground Floor, G-4, Court Chambers,35, Sir Vithaldas Thackersey Marg, New  Marine Lines{mxnewline},Mumbai,Maharashtra{mxnewline} 400020{mxnewline}India.",
      "CanUpdate": "true",
      "mx_Resident_Status": "RI",
      "mx_Investment_Documents": null,
      "CreatedByEmail": "kartik.bansal@hbits.co",
      "ModifiedByEmail": "kartik.bansal@hbits.co",
      "Before": {
        "ProspectID": "1124a776-a810-4eb8-be1c-b2f089d865ae",
        "ProspectAutoId": "217190",
        "FirstName": "Vijay Test",
        "LastName": "Pawar",
        "EmailAddress": "test111@gmail.com",
        "Phone": "+91-4712589630",
        "Mobile": null,
        "Source": null,
        "SourceMedium": null,
        "SourceCampaign": null,
        "ProspectStage": "Lead",
        "Score": "0",
        "EngagementScore": "0",
        "ProspectActivityName_Max": null,
        "ProspectActivityDate_Max": null,
        "OwnerId": "f1e35f88-6e25-11ec-aa9e-02342baa918a",
        "ModifiedBy": "e1b31033-be00-11eb-9e36-0a2bd9889d72",
        "ModifiedOn": "2023-01-19 06:03:30",
        "LastModifiedOn": "2023-01-19 06:03:30",
        "mx_Resident_Status": "Undefined",
        "NotableEventdate": "2023-01-19 06:03:30",
        "QualityScore01": null,
        "ConversionReferrerURL": null,
        "SourceReferrerURL": null,
        "SourceIPAddress": null,
        "LeadLastModifiedOn": "2023-01-19 06:03:30",
        "OwnerIdEmailAddress": "ashish@hbits.co",
        "ModifiedByName": "System",
        "ModifiedByEmail": "hbits@leadsquared.com"
      },
      "After": {
        "ProspectID": "1124a776-a810-4eb8-be1c-b2f089d865ae",
        "ProspectAutoId": "217190",
        "FirstName": "Vijay Test",
        "LastName": "Pawar",
        "EmailAddress": "test111@gmail.com",
        "Phone": "+91-4712589630",
        "Mobile": null,
        "Source": null,
        "SourceMedium": null,
        "SourceCampaign": null,
        "ProspectStage": "Lead",
        "Score": "0",
        "EngagementScore": "0",
        "ProspectActivityName_Max": null,
        "ProspectActivityDate_Max": null,
        "OwnerId": "f1e35f88-6e25-11ec-aa9e-02342baa918a",
        "ModifiedBy": "d4e742a1-13bf-11ed-ab45-0a6b7c954b8a",
        "ModifiedOn": "2023-01-19 06:08:46",
        "LastModifiedOn": "2023-01-19 06:08:46",
        "mx_Resident_Status": "RI",
        "NotableEventdate": "2023-01-19 06:08:46",
        "QualityScore01": null,
        "ConversionReferrerURL": null,
        "SourceReferrerURL": null,
        "SourceIPAddress": null,
        "LeadLastModifiedOn": "2023-01-19 06:08:46",
        "OwnerIdEmailAddress": "ashish@hbits.co",
        "ModifiedByName": "CawStudios LSQ User",
        "ModifiedByEmail": "kartik.bansal@hbits.co"
      }
    },
    "owner": {
      "name": "Ashish ",
      "email": "ashish@hbits.co"
    },
    "bank_cheque_invalid_reasons": [],
    "bank_cheque_verified": false,
    "new_user": false,
    "recyclable_files": []
  },
  {
    "_id": {
      "$oid": "6207564ff3980c7440d442af"
    },
    "kyc": {
      "id_proof": {
        "invalid_reasons": []
      },
      "address_proof": {
        "invalid_reasons": []
      }
    },
    "re_enquiry": 0,
    "joint_account": false,
    "no_of_users": 0,
    "nationality": "INDIAN",
    "email_verified": false,
    "user_ownership_type": "INDIVIDUAL",
    "phone_no_verified": false,
    "invited": false,
    "signed_up": true,
    "first_name": "Vijay",
    "last_name": "Test",
    "email": "vijaytest1@gmail.com",
    "phone_number": "+915632147890",
    "channel_partner_id": "620417dd909a2e4b1c43c750",
    "channel_partner_no": "5198",
    "comment": "",
    "countryCode": "91",
    "user_type": "CUSTOMER",
    "saluation": "Mr.",
    "delinked": false,
    "reset_password_code": "b0Ppv4QBB",
    "phone_no_verified_at": null,
    "signed_up_at": {
      "$date": {
        "$numberLong": "1644648015646"
      }
    },
    "ip_address": "157.47.71.74",
    "additionalFiles": [],
    "__v": 0,
    "lead_square": {
      "ProspectID": "68e14e6d-682f-4c05-885b-86985128c65b",
      "ProspectAutoId": "217192",
      "FirstName": "Vijay",
      "LastName": "Test",
      "EmailAddress": "vijaytest1@gmail.com",
      "Origin": "API",
      "Phone": "+91-5632147890",
      "Mobile": null,
      "Source": null,
      "SourceMedium": null,
      "SourceCampaign": null,
      "DoNotEmail": "0",
      "DoNotCall": "0",
      "ProspectStage": "Lead",
      "Score": "0",
      "EngagementScore": "0",
      "ProspectActivityName_Max": null,
      "ProspectActivityDate_Max": null,
      "FirstLandingPageSubmissionDate": null,
      "OwnerId": "ff2cc0d9-5bd6-11ec-bdcc-02aca1b5f6dc",
      "CreatedBy": "d4e742a1-13bf-11ed-ab45-0a6b7c954b8a",
      "CreatedOn": "2023-01-19 06:02:54",
      "ModifiedBy": "d4e742a1-13bf-11ed-ab45-0a6b7c954b8a",
      "ModifiedOn": "2023-01-19 06:02:54",
      "LeadConversionDate": "2023-01-19 06:02:54",
      "StatusCode": "0",
      "StatusReason": "0",
      "IsLead": "1",
      "LastModifiedOn": "2023-01-19 06:02:54",
      "mx_Subsource": "HNI Database",
      "mx_Related_CP_phone_number": "+919699534817",
      "mx_State": "West Bengal",
      "mx_KYC_Status": "KYC Not Submitted",
      "NotableEvent": "Created",
      "NotableEventdate": "2023-01-19 06:02:54",
      "SourceReferrer": "",
      "LastVisitDate": null,
      "IsPrimaryContact": "0",
      "QualityScore01": null,
      "ConversionReferrerURL": null,
      "SourceReferrerURL": null,
      "SourceIPAddress": null,
      "LeadLastModifiedOn": "2023-01-19 06:02:54",
      "OwnerIdName": "Anup Nishad",
      "OwnerIdEmailAddress": "anup@hbits.co",
      "CreatedByName": "CawStudios LSQ User",
      "ModifiedByName": "CawStudios LSQ User",
      "Account_CompanyName": "Hbits Proptech Private Limited",
      "Account_ShortName": "hbits",
      "Account_TimeZone": "Asia/Kolkata",
      "Account_Website": "www.hbits.co",
      "Account_Street1": "Ground Floor, G-4, Court Chambers",
      "Account_Street2": "35, Sir Vithaldas Thackersey Marg, New  Marine Lines",
      "Account_City": "Mumbai",
      "Account_State": "Maharashtra",
      "Account_Country": "India",
      "Account_Zip": "400020",
      "Owner_FirstName": "Anup",
      "Owner_LastName": "Nishad",
      "Owner_EmailAddress": "anup@hbits.co",
      "Owner_FullName": "Anup Nishad",
      "Owner_TimeZone": "Asia/Kolkata",
      "Owner_AssociatedPhoneNumbers": "+91-8591960872",
      "Org_ShortCode": "54297",
      "Account_Address": "Hbits Proptech Private Limited{mxnewline}Ground Floor, G-4, Court Chambers,35, Sir Vithaldas Thackersey Marg, New  Marine Lines{mxnewline},Mumbai,Maharashtra{mxnewline} 400020{mxnewline}India.",
      "CanUpdate": "true",
      "mx_Lead_Status": "-",
      "mx_Resident_Status": "RI",
      "mx_Existing_Customer": "0",
      "mx_CP_as_Lead": "0",
      "mx_FrenchMNC": "-",
      "mx_FrenchMNC_Status": "-",
      "mx_TimesSquare_Stage": "-",
      "mx_TimesSquare_Status": "-",
      "mx_budget_qualification": "0",
      "mx_Akruti_stage": "-",
      "mx_KYC_Documents": "{\"Status\":\"\",\"mx_CustomObject_1\":\"\"}",
      "DoNotSMS": "0",
      "mx_Investment_Documents": null,
      "CreatedByEmail": "kartik.bansal@hbits.co",
      "ModifiedByEmail": "kartik.bansal@hbits.co",
      "Before": {
        "ProspectID": "68e14e6d-682f-4c05-885b-86985128c65b",
        "ProspectAutoId": "217192",
        "FirstName": "Vijay",
        "LastName": "Test",
        "EmailAddress": "vijaytest1@gmail.com",
        "Phone": "+91-5632147890",
        "Mobile": null,
        "Source": null,
        "SourceMedium": null,
        "SourceCampaign": null,
        "ProspectStage": "Lead",
        "Score": "0",
        "EngagementScore": "0",
        "ProspectActivityName_Max": null,
        "ProspectActivityDate_Max": null,
        "OwnerId": "ff2cc0d9-5bd6-11ec-bdcc-02aca1b5f6dc",
        "ModifiedBy": "e1b31033-be00-11eb-9e36-0a2bd9889d72",
        "ModifiedOn": "2023-01-19 06:03:29",
        "LastModifiedOn": "2023-01-19 06:03:29",
        "mx_Resident_Status": "Undefined",
        "NotableEventdate": "2023-01-19 06:03:29",
        "QualityScore01": null,
        "ConversionReferrerURL": null,
        "SourceReferrerURL": null,
        "SourceIPAddress": null,
        "LeadLastModifiedOn": "2023-01-19 06:03:29",
        "OwnerIdEmailAddress": "anup@hbits.co",
        "ModifiedByName": "System",
        "ModifiedByEmail": "hbits@leadsquared.com"
      },
      "After": {
        "ProspectID": "68e14e6d-682f-4c05-885b-86985128c65b",
        "ProspectAutoId": "217192",
        "FirstName": "Vijay",
        "LastName": "Test",
        "EmailAddress": "vijaytest1@gmail.com",
        "Phone": "+91-5632147890",
        "Mobile": null,
        "Source": null,
        "SourceMedium": null,
        "SourceCampaign": null,
        "ProspectStage": "Lead",
        "Score": "0",
        "EngagementScore": "0",
        "ProspectActivityName_Max": null,
        "ProspectActivityDate_Max": null,
        "OwnerId": "ff2cc0d9-5bd6-11ec-bdcc-02aca1b5f6dc",
        "ModifiedBy": "d4e742a1-13bf-11ed-ab45-0a6b7c954b8a",
        "ModifiedOn": "2023-01-19 06:08:46",
        "LastModifiedOn": "2023-01-19 06:08:46",
        "mx_Resident_Status": "RI",
        "NotableEventdate": "2023-01-19 06:08:46",
        "QualityScore01": null,
        "ConversionReferrerURL": null,
        "SourceReferrerURL": null,
        "SourceIPAddress": null,
        "LeadLastModifiedOn": "2023-01-19 06:08:46",
        "OwnerIdEmailAddress": "anup@hbits.co",
        "ModifiedByName": "CawStudios LSQ User",
        "ModifiedByEmail": "kartik.bansal@hbits.co"
      }
    },
    "owner": {
      "name": "Anup ",
      "email": "anup@hbits.co"
    },
    "bank_cheque_invalid_reasons": [],
    "bank_cheque_verified": false,
    "new_user": false,
    "recyclable_files": []
  },
  {
    "_id": {
      "$oid": "622afd7553b7b020f62abe31"
    },
    "kyc": {
      "id_proof": {
        "invalid_reasons": []
      },
      "address_proof": {
        "invalid_reasons": []
      }
    },
    "re_enquiry": 0,
    "joint_account": false,
    "no_of_users": 0,
    "nationality": "INDIAN",
    "email_verified": false,
    "user_ownership_type": "INDIVIDUAL",
    "phone_no_verified": false,
    "invited": false,
    "signed_up": true,
    "first_name": "Vijay Test",
    "last_name": "Test1",
    "email": "abcvijayaa@gmail.com",
    "phone_number": "+915412369874",
    "channel_partner_id": "620b46afb8576b3841b031e7",
    "channel_partner_no": "5951",
    "comment": "",
    "countryCode": "91",
    "user_type": "CUSTOMER",
    "saluation": "Mr.",
    "delinked": false,
    "reset_password_code": "L5oQbMc3R",
    "phone_no_verified_at": null,
    "signed_up_at": {
      "$date": {
        "$numberLong": "1646984565451"
      }
    },
    "ip_address": "157.47.120.100",
    "additionalFiles": [],
    "__v": 0,
    "bank_cheque_invalid_reasons": [],
    "bank_cheque_verified": false,
    "lead_square": {
      "ProspectID": "a2a5a790-fbe0-4702-8315-3967fde6a43b",
      "ProspectAutoId": "217197",
      "FirstName": "Vijay Test",
      "LastName": "Test1",
      "EmailAddress": "abcvijayaa@gmail.com",
      "Origin": "API",
      "Phone": "+91-5412369874",
      "Mobile": null,
      "Source": null,
      "SourceMedium": null,
      "SourceCampaign": null,
      "DoNotEmail": "0",
      "DoNotCall": "0",
      "ProspectStage": "Lead",
      "Score": "0",
      "EngagementScore": "0",
      "ProspectActivityName_Max": null,
      "ProspectActivityDate_Max": null,
      "FirstLandingPageSubmissionDate": null,
      "OwnerId": "e1b31033-be00-11eb-9e36-0a2bd9889d72",
      "CreatedBy": "d4e742a1-13bf-11ed-ab45-0a6b7c954b8a",
      "CreatedOn": "2023-01-19 06:02:55",
      "ModifiedBy": "d4e742a1-13bf-11ed-ab45-0a6b7c954b8a",
      "ModifiedOn": "2023-01-19 06:02:55",
      "LeadConversionDate": "2023-01-19 06:02:55",
      "StatusCode": "0",
      "StatusReason": "0",
      "IsLead": "1",
      "LastModifiedOn": "2023-01-19 06:02:55",
      "mx_Resident_Status": "RI",
      "mx_KYC_Status": "KYC Not Submitted",
      "NotableEvent": "Created",
      "NotableEventdate": "2023-01-19 06:02:55",
      "SourceReferrer": "",
      "LastVisitDate": null,
      "QualityScore01": null,
      "ConversionReferrerURL": null,
      "SourceReferrerURL": null,
      "SourceIPAddress": null,
      "mx_Investment_Documents": null,
      "LeadLastModifiedOn": "2023-01-19 06:02:55",
      "OwnerIdName": "System",
      "OwnerIdEmailAddress": "hbits@leadsquared.com",
      "CreatedByName": "CawStudios LSQ User",
      "ModifiedByName": "CawStudios LSQ User",
      "Account_CompanyName": "Hbits Proptech Private Limited",
      "Account_ShortName": "hbits",
      "Account_TimeZone": "Asia/Kolkata",
      "Account_Website": "www.hbits.co",
      "Account_Street1": "Ground Floor, G-4, Court Chambers",
      "Account_Street2": "35, Sir Vithaldas Thackersey Marg, New  Marine Lines",
      "Account_City": "Mumbai",
      "Account_State": "Maharashtra",
      "Account_Country": "India",
      "Account_Zip": "400020",
      "Owner_FirstName": "System",
      "Owner_EmailAddress": "hbits@leadsquared.com",
      "Owner_FullName": "System",
      "Owner_TimeZone": "Asia/Kolkata",
      "Org_ShortCode": "54297",
      "Account_Address": "Hbits Proptech Private Limited{mxnewline}Ground Floor, G-4, Court Chambers,35, Sir Vithaldas Thackersey Marg, New  Marine Lines{mxnewline},Mumbai,Maharashtra{mxnewline} 400020{mxnewline}India.",
      "CreatedByEmail": "kartik.bansal@hbits.co",
      "ModifiedByEmail": "kartik.bansal@hbits.co",
      "CanUpdate": "true",
      "Before": {
        "ProspectID": "a2a5a790-fbe0-4702-8315-3967fde6a43b",
        "ProspectAutoId": "217197",
        "FirstName": "Vijay Test",
        "LastName": "Test1",
        "EmailAddress": "abcvijayaa@gmail.com",
        "Phone": "+91-5412369874",
        "Mobile": null,
        "Source": null,
        "SourceMedium": null,
        "SourceCampaign": null,
        "ProspectStage": "Lead",
        "Score": "0",
        "EngagementScore": "0",
        "ProspectActivityName_Max": null,
        "ProspectActivityDate_Max": null,
        "OwnerId": "e1b31033-be00-11eb-9e36-0a2bd9889d72",
        "ModifiedBy": "e1b31033-be00-11eb-9e36-0a2bd9889d72",
        "ModifiedOn": "2023-01-19 06:03:28",
        "LastModifiedOn": "2023-01-19 06:03:28",
        "mx_Resident_Status": "Undefined",
        "NotableEventdate": "2023-01-19 06:03:28",
        "QualityScore01": null,
        "ConversionReferrerURL": null,
        "SourceReferrerURL": null,
        "SourceIPAddress": null,
        "LeadLastModifiedOn": "2023-01-19 06:03:28",
        "OwnerIdEmailAddress": "hbits@leadsquared.com",
        "ModifiedByName": "System",
        "ModifiedByEmail": "hbits@leadsquared.com"
      },
      "After": {
        "ProspectID": "a2a5a790-fbe0-4702-8315-3967fde6a43b",
        "ProspectAutoId": "217197",
        "FirstName": "Vijay Test",
        "LastName": "Test1",
        "EmailAddress": "abcvijayaa@gmail.com",
        "Phone": "+91-5412369874",
        "Mobile": null,
        "Source": null,
        "SourceMedium": null,
        "SourceCampaign": null,
        "ProspectStage": "Lead",
        "Score": "0",
        "EngagementScore": "0",
        "ProspectActivityName_Max": null,
        "ProspectActivityDate_Max": null,
        "OwnerId": "e1b31033-be00-11eb-9e36-0a2bd9889d72",
        "ModifiedBy": "d4e742a1-13bf-11ed-ab45-0a6b7c954b8a",
        "ModifiedOn": "2023-01-19 06:08:47",
        "LastModifiedOn": "2023-01-19 06:08:47",
        "mx_Resident_Status": "RI",
        "NotableEventdate": "2023-01-19 06:08:47",
        "QualityScore01": null,
        "ConversionReferrerURL": null,
        "SourceReferrerURL": null,
        "SourceIPAddress": null,
        "LeadLastModifiedOn": "2023-01-19 06:08:47",
        "OwnerIdEmailAddress": "hbits@leadsquared.com",
        "ModifiedByName": "CawStudios LSQ User",
        "ModifiedByEmail": "kartik.bansal@hbits.co"
      }
    },
    "new_user": false,
    "recyclable_files": []
  },
  {
    "_id": {
      "$oid": "6244207228a3d04479571457"
    },
    "kyc": {
      "id_proof": {
        "invalid_reasons": []
      },
      "address_proof": {
        "invalid_reasons": []
      }
    },
    "bank_cheque_verified": false,
    "new_user": true,
    "re_enquiry": 0,
    "joint_account": false,
    "no_of_users": 0,
    "nationality": "INDIAN",
    "email_verified": false,
    "user_ownership_type": "INDIVIDUAL",
    "phone_no_verified": false,
    "invited": false,
    "signed_up": true,
    "first_name": "vijay",
    "last_name": "vi",
    "email": "vijayv@gmail.com",
    "phone_number": "+918888121231",
    "channel_partner_id": "62441f8e28a3d0447957144e",
    "channel_partner_no": "8084",
    "comment": "",
    "countryCode": "91",
    "user_type": "CUSTOMER",
    "saluation": "Mr.",
    "delinked": false,
    "reset_password_code": "wGyCEqa0J",
    "phone_no_verified_at": null,
    "signed_up_at": {
      "$date": {
        "$numberLong": "1648631922506"
      }
    },
    "ip_address": "103.209.36.131",
    "additionalFiles": [],
    "bank_cheque_invalid_reasons": [],
    "__v": 0,
    "lead_square": {
      "ProspectID": "d564e345-8ae8-434f-9917-470ad4f5302e",
      "ProspectAutoId": "217202",
      "FirstName": "vijay",
      "LastName": "vi",
      "EmailAddress": "vijayv@gmail.com",
      "Origin": "API",
      "Phone": "+91-8888121231",
      "Mobile": null,
      "Source": null,
      "SourceMedium": null,
      "SourceCampaign": null,
      "DoNotEmail": "0",
      "DoNotCall": "0",
      "ProspectStage": "Lead",
      "Score": "0",
      "EngagementScore": "0",
      "ProspectActivityName_Max": null,
      "ProspectActivityDate_Max": null,
      "FirstLandingPageSubmissionDate": null,
      "OwnerId": "e1b31033-be00-11eb-9e36-0a2bd9889d72",
      "CreatedBy": "d4e742a1-13bf-11ed-ab45-0a6b7c954b8a",
      "CreatedOn": "2023-01-19 06:02:56",
      "ModifiedBy": "d4e742a1-13bf-11ed-ab45-0a6b7c954b8a",
      "ModifiedOn": "2023-01-19 06:02:56",
      "LeadConversionDate": "2023-01-19 06:02:56",
      "StatusCode": "0",
      "StatusReason": "0",
      "IsLead": "1",
      "LastModifiedOn": "2023-01-19 06:02:56",
      "mx_Resident_Status": "RI",
      "mx_KYC_Status": "KYC Not Submitted",
      "NotableEvent": "Created",
      "NotableEventdate": "2023-01-19 06:02:56",
      "SourceReferrer": "",
      "LastVisitDate": null,
      "QualityScore01": null,
      "ConversionReferrerURL": null,
      "SourceReferrerURL": null,
      "SourceIPAddress": null,
      "mx_Investment_Documents": null,
      "LeadLastModifiedOn": "2023-01-19 06:02:56",
      "OwnerIdName": "System",
      "OwnerIdEmailAddress": "hbits@leadsquared.com",
      "CreatedByName": "CawStudios LSQ User",
      "ModifiedByName": "CawStudios LSQ User",
      "Account_CompanyName": "Hbits Proptech Private Limited",
      "Account_ShortName": "hbits",
      "Account_TimeZone": "Asia/Kolkata",
      "Account_Website": "www.hbits.co",
      "Account_Street1": "Ground Floor, G-4, Court Chambers",
      "Account_Street2": "35, Sir Vithaldas Thackersey Marg, New  Marine Lines",
      "Account_City": "Mumbai",
      "Account_State": "Maharashtra",
      "Account_Country": "India",
      "Account_Zip": "400020",
      "Owner_FirstName": "System",
      "Owner_EmailAddress": "hbits@leadsquared.com",
      "Owner_FullName": "System",
      "Owner_TimeZone": "Asia/Kolkata",
      "Org_ShortCode": "54297",
      "Account_Address": "Hbits Proptech Private Limited{mxnewline}Ground Floor, G-4, Court Chambers,35, Sir Vithaldas Thackersey Marg, New  Marine Lines{mxnewline},Mumbai,Maharashtra{mxnewline} 400020{mxnewline}India.",
      "CreatedByEmail": "kartik.bansal@hbits.co",
      "ModifiedByEmail": "kartik.bansal@hbits.co",
      "CanUpdate": "true",
      "Before": {
        "ProspectID": "d564e345-8ae8-434f-9917-470ad4f5302e",
        "ProspectAutoId": "217202",
        "FirstName": "vijay",
        "LastName": "vi",
        "EmailAddress": "vijayv@gmail.com",
        "Phone": "+91-8888121231",
        "Mobile": null,
        "Source": null,
        "SourceMedium": null,
        "SourceCampaign": null,
        "ProspectStage": "Lead",
        "Score": "0",
        "EngagementScore": "0",
        "ProspectActivityName_Max": null,
        "ProspectActivityDate_Max": null,
        "OwnerId": "97ef31d9-7b78-11ed-ab45-0a6b7c954b8a",
        "ModifiedBy": "e1b31033-be00-11eb-9e36-0a2bd9889d72",
        "ModifiedOn": "2023-01-19 06:04:16",
        "LastModifiedOn": "2023-01-19 06:04:16",
        "mx_Resident_Status": "Undefined",
        "NotableEventdate": "2023-01-19 06:04:16",
        "QualityScore01": null,
        "ConversionReferrerURL": null,
        "SourceReferrerURL": null,
        "SourceIPAddress": null,
        "LeadLastModifiedOn": "2023-01-19 06:04:16",
        "OwnerIdName": "Ankit Chandnani",
        "OwnerIdEmailAddress": "ankithbits@hbits.co",
        "ModifiedByName": "System",
        "Owner_FirstName": "Ankit",
        "Owner_LastName": "Chandnani",
        "Owner_EmailAddress": "ankithbits@hbits.co",
        "Owner_FullName": "Ankit Chandnani",
        "Owner_AssociatedPhoneNumbers": "+91-7021217647",
        "ModifiedByEmail": "hbits@leadsquared.com"
      },
      "After": {
        "ProspectID": "d564e345-8ae8-434f-9917-470ad4f5302e",
        "ProspectAutoId": "217202",
        "FirstName": "vijay",
        "LastName": "vi",
        "EmailAddress": "vijayv@gmail.com",
        "Phone": "+91-8888121231",
        "Mobile": null,
        "Source": null,
        "SourceMedium": null,
        "SourceCampaign": null,
        "ProspectStage": "Lead",
        "Score": "0",
        "EngagementScore": "0",
        "ProspectActivityName_Max": null,
        "ProspectActivityDate_Max": null,
        "OwnerId": "e1b31033-be00-11eb-9e36-0a2bd9889d72",
        "ModifiedBy": "d4e742a1-13bf-11ed-ab45-0a6b7c954b8a",
        "ModifiedOn": "2023-01-19 06:08:48",
        "LastModifiedOn": "2023-01-19 06:08:48",
        "mx_Resident_Status": "RI",
        "NotableEventdate": "2023-01-19 06:08:48",
        "QualityScore01": null,
        "ConversionReferrerURL": null,
        "SourceReferrerURL": null,
        "SourceIPAddress": null,
        "LeadLastModifiedOn": "2023-01-19 06:08:48",
        "OwnerIdName": "System",
        "OwnerIdEmailAddress": "hbits@leadsquared.com",
        "ModifiedByName": "CawStudios LSQ User",
        "Owner_FirstName": "System",
        "Owner_LastName": "",
        "Owner_EmailAddress": "hbits@leadsquared.com",
        "Owner_FullName": "System",
        "Owner_AssociatedPhoneNumbers": null,
        "ModifiedByEmail": "kartik.bansal@hbits.co"
      }
    },
    "recyclable_files": []
  },
  {
    "_id": {
      "$oid": "62712681e44f4d4f78016f74"
    },
    "kyc": {
      "id_proof": {
        "invalid_reasons": []
      },
      "address_proof": {
        "invalid_reasons": []
      }
    },
    "bank_cheque_verified": false,
    "new_user": true,
    "re_enquiry": 0,
    "joint_account": false,
    "no_of_users": 0,
    "nationality": "INDIAN",
    "email_verified": false,
    "user_ownership_type": "INDIVIDUAL",
    "phone_no_verified": false,
    "invited": false,
    "signed_up": true,
    "first_name": "Krishna",
    "last_name": "Test",
    "email": "krishna@hbitstest.co",
    "phone_number": "+919000099999",
    "channel_partner_id": "6242e695b888aa257e2aa723",
    "channel_partner_no": "4259",
    "comment": "",
    "countryCode": "91",
    "user_type": "CUSTOMER",
    "saluation": "Mr.",
    "delinked": false,
    "reset_password_code": "-r936vJkJ",
    "phone_no_verified_at": null,
    "signed_up_at": {
      "$date": {
        "$numberLong": "1651582593989"
      }
    },
    "ip_address": "183.87.182.95",
    "additionalFiles": [],
    "bank_cheque_invalid_reasons": [],
    "recyclable_files": [],
    "__v": 0,
    "lead_square": {
      "ProspectID": "61654828-a05d-49f0-b3b1-b72c7ccdb823",
      "ProspectAutoId": "217207",
      "FirstName": "Krishna",
      "LastName": "Test",
      "EmailAddress": "krishna@hbitstest.co",
      "Origin": "API",
      "Phone": "+91-9000099999",
      "Mobile": null,
      "Source": null,
      "SourceMedium": null,
      "SourceCampaign": null,
      "DoNotEmail": "0",
      "DoNotCall": "0",
      "ProspectStage": "Lead",
      "Score": "0",
      "EngagementScore": "0",
      "ProspectActivityName_Max": null,
      "ProspectActivityDate_Max": null,
      "FirstLandingPageSubmissionDate": null,
      "OwnerId": "21b0683b-dc72-11eb-8de8-02aca1b5f6dc",
      "CreatedBy": "d4e742a1-13bf-11ed-ab45-0a6b7c954b8a",
      "CreatedOn": "2023-01-19 06:02:56",
      "ModifiedBy": "d4e742a1-13bf-11ed-ab45-0a6b7c954b8a",
      "ModifiedOn": "2023-01-19 06:02:56",
      "LeadConversionDate": "2023-01-19 06:02:56",
      "StatusCode": "0",
      "StatusReason": "0",
      "IsLead": "1",
      "LastModifiedOn": "2023-01-19 06:02:56",
      "mx_Subsource": "Channel Partner",
      "mx_Related_CP_phone_number": "+919867674345",
      "mx_State": "Maharashtra",
      "mx_KYC_Status": "KYC Not Submitted",
      "NotableEvent": "Created",
      "NotableEventdate": "2023-01-19 06:02:56",
      "SourceReferrer": "",
      "LastVisitDate": null,
      "IsPrimaryContact": "0",
      "QualityScore01": null,
      "ConversionReferrerURL": null,
      "SourceReferrerURL": null,
      "SourceIPAddress": null,
      "LeadLastModifiedOn": "2023-01-19 06:02:56",
      "OwnerIdName": "Pradeep Murthy",
      "OwnerIdEmailAddress": "pradeep@hbits.co",
      "CreatedByName": "CawStudios LSQ User",
      "ModifiedByName": "CawStudios LSQ User",
      "Account_CompanyName": "Hbits Proptech Private Limited",
      "Account_ShortName": "hbits",
      "Account_TimeZone": "Asia/Kolkata",
      "Account_Website": "www.hbits.co",
      "Account_Street1": "Ground Floor, G-4, Court Chambers",
      "Account_Street2": "35, Sir Vithaldas Thackersey Marg, New  Marine Lines",
      "Account_City": "Mumbai",
      "Account_State": "Maharashtra",
      "Account_Country": "India",
      "Account_Zip": "400020",
      "Owner_FirstName": "Pradeep",
      "Owner_LastName": "Murthy",
      "Owner_EmailAddress": "pradeep@hbits.co",
      "Owner_FullName": "Pradeep Murthy",
      "Owner_TimeZone": "Asia/Kolkata",
      "Owner_AssociatedPhoneNumbers": "+91-7208845861",
      "Org_ShortCode": "54297",
      "Account_Address": "Hbits Proptech Private Limited{mxnewline}Ground Floor, G-4, Court Chambers,35, Sir Vithaldas Thackersey Marg, New  Marine Lines{mxnewline},Mumbai,Maharashtra{mxnewline} 400020{mxnewline}India.",
      "CanUpdate": "true",
      "mx_Resident_Status": "RI",
      "mx_Investment_Documents": null,
      "CreatedByEmail": "kartik.bansal@hbits.co",
      "ModifiedByEmail": "kartik.bansal@hbits.co",
      "Before": {
        "ProspectID": "61654828-a05d-49f0-b3b1-b72c7ccdb823",
        "ProspectAutoId": "217207",
        "FirstName": "Krishna",
        "LastName": "Test",
        "EmailAddress": "krishna@hbitstest.co",
        "Phone": "+91-9000099999",
        "Mobile": null,
        "Source": null,
        "SourceMedium": null,
        "SourceCampaign": null,
        "ProspectStage": "Lead",
        "Score": "0",
        "EngagementScore": "0",
        "ProspectActivityName_Max": null,
        "ProspectActivityDate_Max": null,
        "OwnerId": "21b0683b-dc72-11eb-8de8-02aca1b5f6dc",
        "ModifiedBy": "e1b31033-be00-11eb-9e36-0a2bd9889d72",
        "ModifiedOn": "2023-01-19 06:03:29",
        "LastModifiedOn": "2023-01-19 06:03:29",
        "mx_Resident_Status": "Undefined",
        "NotableEventdate": "2023-01-19 06:03:29",
        "QualityScore01": null,
        "ConversionReferrerURL": null,
        "SourceReferrerURL": null,
        "SourceIPAddress": null,
        "LeadLastModifiedOn": "2023-01-19 06:03:29",
        "OwnerIdEmailAddress": "pradeep@hbits.co",
        "ModifiedByName": "System",
        "ModifiedByEmail": "hbits@leadsquared.com"
      },
      "After": {
        "ProspectID": "61654828-a05d-49f0-b3b1-b72c7ccdb823",
        "ProspectAutoId": "217207",
        "FirstName": "Krishna",
        "LastName": "Test",
        "EmailAddress": "krishna@hbitstest.co",
        "Phone": "+91-9000099999",
        "Mobile": null,
        "Source": null,
        "SourceMedium": null,
        "SourceCampaign": null,
        "ProspectStage": "Lead",
        "Score": "0",
        "EngagementScore": "0",
        "ProspectActivityName_Max": null,
        "ProspectActivityDate_Max": null,
        "OwnerId": "21b0683b-dc72-11eb-8de8-02aca1b5f6dc",
        "ModifiedBy": "d4e742a1-13bf-11ed-ab45-0a6b7c954b8a",
        "ModifiedOn": "2023-01-19 06:08:49",
        "LastModifiedOn": "2023-01-19 06:08:49",
        "mx_Resident_Status": "RI",
        "NotableEventdate": "2023-01-19 06:08:49",
        "QualityScore01": null,
        "ConversionReferrerURL": null,
        "SourceReferrerURL": null,
        "SourceIPAddress": null,
        "LeadLastModifiedOn": "2023-01-19 06:08:49",
        "OwnerIdEmailAddress": "pradeep@hbits.co",
        "ModifiedByName": "CawStudios LSQ User",
        "ModifiedByEmail": "kartik.bansal@hbits.co"
      }
    },
    "owner": {
      "name": "Pradeep Murthy",
      "email": "pradeep@hbits.co"
    }
  },
  {
    "_id": {
      "$oid": "62712eb4e44f4d4f78016f8e"
    },
    "kyc": {
      "id_proof": {
        "invalid_reasons": []
      },
      "address_proof": {
        "invalid_reasons": []
      }
    },
    "bank_cheque_verified": false,
    "new_user": true,
    "re_enquiry": 0,
    "joint_account": false,
    "no_of_users": 0,
    "nationality": "INDIAN",
    "email_verified": false,
    "user_ownership_type": "INDIVIDUAL",
    "phone_no_verified": false,
    "invited": false,
    "signed_up": true,
    "first_name": "wwwwdw",
    "last_name": "wrweerwerr",
    "email": "dqwqqrqw@n.co",
    "phone_number": "+919709709099",
    "channel_partner_id": "62441f8e28a3d0447957144e",
    "channel_partner_no": "8084",
    "comment": "",
    "countryCode": "91",
    "user_type": "CUSTOMER",
    "saluation": "Mr.",
    "delinked": false,
    "reset_password_code": "06ZcaOq1V",
    "phone_no_verified_at": null,
    "signed_up_at": {
      "$date": {
        "$numberLong": "1651584692336"
      }
    },
    "ip_address": "183.87.182.95",
    "additionalFiles": [],
    "bank_cheque_invalid_reasons": [],
    "recyclable_files": [],
    "__v": 0,
    "lead_square": {
      "ProspectID": "aa95a2c5-2858-4f7f-9481-fa7592fd9ec8",
      "ProspectAutoId": "217208",
      "FirstName": "wwwwdw",
      "LastName": "wrweerwerr",
      "EmailAddress": "dqwqqrqw@n.co",
      "Origin": "API",
      "Phone": "+91-9709709099",
      "Mobile": null,
      "Source": null,
      "SourceMedium": null,
      "SourceCampaign": null,
      "DoNotEmail": "0",
      "DoNotCall": "0",
      "ProspectStage": "Lead",
      "Score": "0",
      "EngagementScore": "0",
      "ProspectActivityName_Max": null,
      "ProspectActivityDate_Max": null,
      "FirstLandingPageSubmissionDate": null,
      "OwnerId": "e1b31033-be00-11eb-9e36-0a2bd9889d72",
      "CreatedBy": "d4e742a1-13bf-11ed-ab45-0a6b7c954b8a",
      "CreatedOn": "2023-01-19 06:02:56",
      "ModifiedBy": "d4e742a1-13bf-11ed-ab45-0a6b7c954b8a",
      "ModifiedOn": "2023-01-19 06:02:56",
      "LeadConversionDate": "2023-01-19 06:02:56",
      "StatusCode": "0",
      "StatusReason": "0",
      "IsLead": "1",
      "LastModifiedOn": "2023-01-19 06:02:56",
      "mx_Resident_Status": "RI",
      "mx_KYC_Status": "KYC Not Submitted",
      "NotableEvent": "Created",
      "NotableEventdate": "2023-01-19 06:02:56",
      "SourceReferrer": "",
      "LastVisitDate": null,
      "QualityScore01": null,
      "ConversionReferrerURL": null,
      "SourceReferrerURL": null,
      "SourceIPAddress": null,
      "mx_Investment_Documents": null,
      "LeadLastModifiedOn": "2023-01-19 06:02:56",
      "OwnerIdName": "System",
      "OwnerIdEmailAddress": "hbits@leadsquared.com",
      "CreatedByName": "CawStudios LSQ User",
      "ModifiedByName": "CawStudios LSQ User",
      "Account_CompanyName": "Hbits Proptech Private Limited",
      "Account_ShortName": "hbits",
      "Account_TimeZone": "Asia/Kolkata",
      "Account_Website": "www.hbits.co",
      "Account_Street1": "Ground Floor, G-4, Court Chambers",
      "Account_Street2": "35, Sir Vithaldas Thackersey Marg, New  Marine Lines",
      "Account_City": "Mumbai",
      "Account_State": "Maharashtra",
      "Account_Country": "India",
      "Account_Zip": "400020",
      "Owner_FirstName": "System",
      "Owner_EmailAddress": "hbits@leadsquared.com",
      "Owner_FullName": "System",
      "Owner_TimeZone": "Asia/Kolkata",
      "Org_ShortCode": "54297",
      "Account_Address": "Hbits Proptech Private Limited{mxnewline}Ground Floor, G-4, Court Chambers,35, Sir Vithaldas Thackersey Marg, New  Marine Lines{mxnewline},Mumbai,Maharashtra{mxnewline} 400020{mxnewline}India.",
      "CreatedByEmail": "kartik.bansal@hbits.co",
      "ModifiedByEmail": "kartik.bansal@hbits.co",
      "CanUpdate": "true",
      "Before": {
        "ProspectID": "aa95a2c5-2858-4f7f-9481-fa7592fd9ec8",
        "ProspectAutoId": "217208",
        "FirstName": "wwwwdw",
        "LastName": "wrweerwerr",
        "EmailAddress": "dqwqqrqw@n.co",
        "Phone": "+91-9709709099",
        "Mobile": null,
        "Source": null,
        "SourceMedium": null,
        "SourceCampaign": null,
        "ProspectStage": "Lead",
        "Score": "0",
        "EngagementScore": "0",
        "ProspectActivityName_Max": null,
        "ProspectActivityDate_Max": null,
        "OwnerId": "ff2cc0d9-5bd6-11ec-bdcc-02aca1b5f6dc",
        "ModifiedBy": "e1b31033-be00-11eb-9e36-0a2bd9889d72",
        "ModifiedOn": "2023-01-19 06:04:13",
        "LastModifiedOn": "2023-01-19 06:04:13",
        "mx_Resident_Status": "Undefined",
        "NotableEventdate": "2023-01-19 06:04:13",
        "QualityScore01": null,
        "ConversionReferrerURL": null,
        "SourceReferrerURL": null,
        "SourceIPAddress": null,
        "LeadLastModifiedOn": "2023-01-19 06:04:13",
        "OwnerIdName": "Anup Nishad",
        "OwnerIdEmailAddress": "anup@hbits.co",
        "ModifiedByName": "System",
        "Owner_FirstName": "Anup",
        "Owner_MiddleName": null,
        "Owner_LastName": "Nishad",
        "Owner_EmailAddress": "anup@hbits.co",
        "Owner_FullName": "Anup Nishad",
        "Owner_AssociatedPhoneNumbers": "+91-8591960872",
        "ModifiedByEmail": "hbits@leadsquared.com"
      },
      "After": {
        "ProspectID": "aa95a2c5-2858-4f7f-9481-fa7592fd9ec8",
        "ProspectAutoId": "217208",
        "FirstName": "wwwwdw",
        "LastName": "wrweerwerr",
        "EmailAddress": "dqwqqrqw@n.co",
        "Phone": "+91-9709709099",
        "Mobile": null,
        "Source": null,
        "SourceMedium": null,
        "SourceCampaign": null,
        "ProspectStage": "Lead",
        "Score": "0",
        "EngagementScore": "0",
        "ProspectActivityName_Max": null,
        "ProspectActivityDate_Max": null,
        "OwnerId": "e1b31033-be00-11eb-9e36-0a2bd9889d72",
        "ModifiedBy": "d4e742a1-13bf-11ed-ab45-0a6b7c954b8a",
        "ModifiedOn": "2023-01-19 06:08:49",
        "LastModifiedOn": "2023-01-19 06:08:49",
        "mx_Resident_Status": "RI",
        "NotableEventdate": "2023-01-19 06:08:49",
        "QualityScore01": null,
        "ConversionReferrerURL": null,
        "SourceReferrerURL": null,
        "SourceIPAddress": null,
        "LeadLastModifiedOn": "2023-01-19 06:08:49",
        "OwnerIdName": "System",
        "OwnerIdEmailAddress": "hbits@leadsquared.com",
        "ModifiedByName": "CawStudios LSQ User",
        "Owner_FirstName": "System",
        "Owner_MiddleName": "",
        "Owner_LastName": "",
        "Owner_EmailAddress": "hbits@leadsquared.com",
        "Owner_FullName": "System",
        "Owner_AssociatedPhoneNumbers": null,
        "ModifiedByEmail": "kartik.bansal@hbits.co"
      }
    }
  },
  {
    "_id": {
      "$oid": "6267baff28a3d04479572c30"
    },
    "kyc": {
      "id_proof": {
        "invalid_reasons": []
      },
      "address_proof": {
        "invalid_reasons": []
      }
    },
    "bank_cheque_verified": false,
    "new_user": true,
    "re_enquiry": 0,
    "joint_account": false,
    "no_of_users": 0,
    "nationality": "INDIAN",
    "email_verified": false,
    "user_ownership_type": "INDIVIDUAL",
    "phone_no_verified": false,
    "invited": false,
    "signed_up": true,
    "first_name": "Vinod",
    "last_name": "Sanghvi",
    "email": "dadadaadad@t.com",
    "phone_number": "+911323323331",
    "channel_partner_id": "6242e695b888aa257e2aa723",
    "channel_partner_no": "4259",
    "comment": "",
    "countryCode": "91",
    "user_type": "CUSTOMER",
    "saluation": "Mr.",
    "delinked": false,
    "reset_password_code": "7JrQNVqd7",
    "phone_no_verified_at": null,
    "signed_up_at": {
      "$date": {
        "$numberLong": "1650965247026"
      }
    },
    "ip_address": "183.87.182.220",
    "additionalFiles": [],
    "bank_cheque_invalid_reasons": [],
    "__v": 0,
    "lead_square": {
      "ProspectID": "f3a1d7ac-da86-4619-ba4c-fd24b6653737",
      "ProspectAutoId": "217205",
      "FirstName": "Vinod",
      "LastName": "Sanghvi",
      "EmailAddress": "dadadaadad@t.com",
      "Origin": "API",
      "Phone": "+91-1323323331",
      "Mobile": null,
      "Source": null,
      "SourceMedium": null,
      "SourceCampaign": null,
      "DoNotEmail": "0",
      "DoNotCall": "0",
      "ProspectStage": "Lead",
      "Score": "0",
      "EngagementScore": "0",
      "ProspectActivityName_Max": null,
      "ProspectActivityDate_Max": null,
      "FirstLandingPageSubmissionDate": null,
      "OwnerId": "21b0683b-dc72-11eb-8de8-02aca1b5f6dc",
      "CreatedBy": "d4e742a1-13bf-11ed-ab45-0a6b7c954b8a",
      "CreatedOn": "2023-01-19 06:02:56",
      "ModifiedBy": "d4e742a1-13bf-11ed-ab45-0a6b7c954b8a",
      "ModifiedOn": "2023-01-19 06:02:56",
      "LeadConversionDate": "2023-01-19 06:02:56",
      "StatusCode": "0",
      "StatusReason": "0",
      "IsLead": "1",
      "LastModifiedOn": "2023-01-19 06:02:56",
      "mx_Subsource": "Channel Partner",
      "mx_Related_CP_phone_number": "+919867674345",
      "mx_State": "Kemps Bay",
      "mx_KYC_Status": "KYC Not Submitted",
      "NotableEvent": "Created",
      "NotableEventdate": "2023-01-19 06:02:56",
      "SourceReferrer": "",
      "LastVisitDate": null,
      "IsPrimaryContact": "0",
      "QualityScore01": null,
      "ConversionReferrerURL": null,
      "SourceReferrerURL": null,
      "SourceIPAddress": null,
      "LeadLastModifiedOn": "2023-01-19 06:02:56",
      "OwnerIdName": "Pradeep Murthy",
      "OwnerIdEmailAddress": "pradeep@hbits.co",
      "CreatedByName": "CawStudios LSQ User",
      "ModifiedByName": "CawStudios LSQ User",
      "Account_CompanyName": "Hbits Proptech Private Limited",
      "Account_ShortName": "hbits",
      "Account_TimeZone": "Asia/Kolkata",
      "Account_Website": "www.hbits.co",
      "Account_Street1": "Ground Floor, G-4, Court Chambers",
      "Account_Street2": "35, Sir Vithaldas Thackersey Marg, New  Marine Lines",
      "Account_City": "Mumbai",
      "Account_State": "Maharashtra",
      "Account_Country": "India",
      "Account_Zip": "400020",
      "Owner_FirstName": "Pradeep",
      "Owner_LastName": "Murthy",
      "Owner_EmailAddress": "pradeep@hbits.co",
      "Owner_FullName": "Pradeep Murthy",
      "Owner_TimeZone": "Asia/Kolkata",
      "Owner_AssociatedPhoneNumbers": "+91-7208845861",
      "Org_ShortCode": "54297",
      "Account_Address": "Hbits Proptech Private Limited{mxnewline}Ground Floor, G-4, Court Chambers,35, Sir Vithaldas Thackersey Marg, New  Marine Lines{mxnewline},Mumbai,Maharashtra{mxnewline} 400020{mxnewline}India.",
      "CanUpdate": "true",
      "mx_Resident_Status": "RI",
      "mx_Investment_Documents": null,
      "CreatedByEmail": "kartik.bansal@hbits.co",
      "ModifiedByEmail": "kartik.bansal@hbits.co",
      "Before": {
        "ProspectID": "f3a1d7ac-da86-4619-ba4c-fd24b6653737",
        "ProspectAutoId": "217205",
        "FirstName": "Vinod",
        "LastName": "Sanghvi",
        "EmailAddress": "dadadaadad@t.com",
        "Phone": "+91-1323323331",
        "Mobile": null,
        "Source": null,
        "SourceMedium": null,
        "SourceCampaign": null,
        "ProspectStage": "Lead",
        "Score": "0",
        "EngagementScore": "0",
        "ProspectActivityName_Max": null,
        "ProspectActivityDate_Max": null,
        "OwnerId": "21b0683b-dc72-11eb-8de8-02aca1b5f6dc",
        "ModifiedBy": "e1b31033-be00-11eb-9e36-0a2bd9889d72",
        "ModifiedOn": "2023-01-19 06:03:30",
        "LastModifiedOn": "2023-01-19 06:03:30",
        "mx_Resident_Status": "Undefined",
        "NotableEventdate": "2023-01-19 06:03:30",
        "QualityScore01": null,
        "ConversionReferrerURL": null,
        "SourceReferrerURL": null,
        "SourceIPAddress": null,
        "LeadLastModifiedOn": "2023-01-19 06:03:30",
        "OwnerIdEmailAddress": "pradeep@hbits.co",
        "ModifiedByName": "System",
        "ModifiedByEmail": "hbits@leadsquared.com"
      },
      "After": {
        "ProspectID": "f3a1d7ac-da86-4619-ba4c-fd24b6653737",
        "ProspectAutoId": "217205",
        "FirstName": "Vinod",
        "LastName": "Sanghvi",
        "EmailAddress": "dadadaadad@t.com",
        "Phone": "+91-1323323331",
        "Mobile": null,
        "Source": null,
        "SourceMedium": null,
        "SourceCampaign": null,
        "ProspectStage": "Lead",
        "Score": "0",
        "EngagementScore": "0",
        "ProspectActivityName_Max": null,
        "ProspectActivityDate_Max": null,
        "OwnerId": "21b0683b-dc72-11eb-8de8-02aca1b5f6dc",
        "ModifiedBy": "d4e742a1-13bf-11ed-ab45-0a6b7c954b8a",
        "ModifiedOn": "2023-01-19 06:08:48",
        "LastModifiedOn": "2023-01-19 06:08:48",
        "mx_Resident_Status": "RI",
        "NotableEventdate": "2023-01-19 06:08:48",
        "QualityScore01": null,
        "ConversionReferrerURL": null,
        "SourceReferrerURL": null,
        "SourceIPAddress": null,
        "LeadLastModifiedOn": "2023-01-19 06:08:48",
        "OwnerIdEmailAddress": "pradeep@hbits.co",
        "ModifiedByName": "CawStudios LSQ User",
        "ModifiedByEmail": "kartik.bansal@hbits.co"
      }
    },
    "owner": {
      "name": "Pradeep Murthy",
      "email": "pradeep@hbits.co"
    },
    "recyclable_files": []
  }
]