[
 {
   "_id": {
      "$oid": "6251976128a3d04479571c9a"
   },
   "email_verified": false,
   "first_name": "Ram",
   "last_name": "Shyam",
   "company_name": "",
   "primary_phone_number": 9100000,
   "primary_email": "ram.shyam@g.com",
   "prefered_business_location": [
      {
         "country": "",
         "state": "",
         "city": ""
      }
   ],
   "product": [
      {
         "category": "",
         "subcategory": ""
      },
      {
         "category": "",
         "subcategory": ""
      }
   ],
   "registration_number": 1427,
   "__v": 0,
   "address": {
      "country": "India",
      "state": "Maharashtra",
      "city": "Thane"
   },
   "lms_id": "aad9c850-a3e8-40a1-91f7-6e56ebe0b35e"
},
 {
   "_id": {
      "$oid": "62519c5228a3d04479571cba"
   },
   "email_verified": false,
   "first_name": "Kunal",
   "last_name": "Sawant",
   "company_name": "",
   "primary_phone_number": 916565,
   "primary_email": "ajit@g.co",
   "prefered_business_location": [
      {
         "country": "",
         "state": "",
         "city": ""
      }
   ],
   "product": [
      {
         "category": "",
         "subcategory": ""
      },
      {
         "category": "",
         "subcategory": ""
      }
   ],
   "registration_number": 4051,
   "__v": 0,
   "address": {
      "country": "India",
      "state": "Maharashtra",
      "city": "Mumbai"
   },
   "lms_id": ""
},
 {
   "_id": {
      "$oid": "6253f53428a3d04479571e4e"
   },
   "email_verified": false,
   "first_name": "Pradeep",
   "last_name": "More",
   "company_name": "",
   "primary_phone_number": 91958632145,
   "primary_email": "pradeepmore68@gmail.com",
   "prefered_business_location": [
      {
         "country": "",
         "state": "",
         "city": ""
      }
   ],
   "product": [
      {
         "category": "",
         "subcategory": ""
      },
      {
         "category": "",
         "subcategory": ""
      }
   ],
   "registration_number": 753,
   "__v": 0,
   "address": {
      "country": "",
      "state": "",
      "city": ""
   },
   "lms_id": "24ede366-1bf5-4338-ae00-1ee6d79c7abe"
}
]