[
  {
    "id": "602633ed29d8c4624a782889",
    "firstName": "Neha S",
    "lastName": "Mehta",
    "mobileNumber": "9323801010",
    "mobileCountryCode": "+91",
    "emailAddress": "sanjay@wealthhealth.in",
    "country": "INDIA",
    "state": "Maharastra",
    "city": "Mumbai",
    "registrationNumber": "6678",
    "KycNotStarted": "KycNotStarted",
    "fullAddress": "",
    "childIds": [],
    "parentId": null,
    "parentName": null,
    "channelPartnerOrganizationId": null,
    "partnerUniqueId": null
  },
  {
    "id": "6030d562dc235e56555392dc",
    "firstName": "Ramachandra",
    "lastName": "Bhat",
    "companyName": "Ad Boards",
    "mobileNumber": "9845559076",
    "mobileCountryCode": "+91",
    "emailAddress": "ramu_bmb@yahoo.com",
    "country": "INDIA",
    "state": "Maharastra",
    "city": "Mumbai",
    "registrationNumber": "2473",
    "KycNotStarted": "KycNotStarted",
    "fullAddress": "",
    "childIds": [],
    "parentId": null,
    "parentName": null,
    "channelPartnerOrganizationId": null,
    "partnerUniqueId": null
  },
  {
    "id": "613855c83983ec67f4b0f911",
    "firstName": "param",
    "lastName": "singh",
    "companyName": "dot",
    "mobileNumber": "7876693170",
    "mobileCountryCode": "+91",
    "emailAddress": "param669@yopmail.com",
    "country": "INDIA",
    "state": "Maharastra",
    "city": "Mumbai",
    "registrationNumber": "3338",
    "KycNotStarted": "KycNotStarted",
    "fullAddress": "",
    "childIds": [],
    "parentId": null,
    "parentName": null,
    "channelPartnerOrganizationId": null,
    "partnerUniqueId": null
  },
  {
    "id": "6273892fe44f4d4f78017013",
    "firstName": "tester",
    "lastName": "test",
    "mobileNumber": "2131233213",
    "mobileCountryCode": "+91",
    "emailAddress": "test@c.co",
    "country": "BAHAMAS",
    "state": "MARSH HARBOUR",
    "city": "ADASDSADSAD",
    "registrationNumber": "7451",
    "KycNotStarted": "KycNotStarted",
    "fullAddress": " adasdsadsad Marsh Harbour Bahamas",
    "childIds": [],
    "parentId": null,
    "parentName": null,
    "channelPartnerOrganizationId": null,
    "partnerUniqueId": null
  },
  {
    "id": "6251976128a3d04479571c9a",
    "firstName": "Ram",
    "lastName": "Shyam",
    "mobileNumber": "00000",
    "mobileCountryCode": "+91",
    "emailAddress": "ram.shyam@g.com",
    "country": "INDIA",
    "state": "MAHARASHTRA",
    "city": "THANE",
    "registrationNumber": "1427",
    "KycNotStarted": "KycNotStarted",
    "fullAddress": " Thane Maharashtra India",
    "childIds": [],
    "parentId": null,
    "parentName": null,
    "channelPartnerOrganizationId": null,
    "partnerUniqueId": null
  },
  {
    "id": "6267bd3e28a3d04479572c35",
    "firstName": "sfsfsfsf",
    "lastName": "adsadsadas",
    "companyName": "Vinod",
    "mobileNumber": "8779669346",
    "mobileCountryCode": "+91",
    "emailAddress": "vinod@hbits.co",
    "country": "BAHAMAS",
    "state": "INAGUA",
    "city": "DQQQDDDD",
    "registrationNumber": "6646",
    "pincode": "636447474",
    "KycNotStarted": "KycNotStarted",
    "fullAddress": "dfsfsgfdhdh jfjgjgku gku gkh lh  dQQqDddd Inagua Bahamas",
    "childIds": [],
    "parentId": null,
    "parentName": null,
    "channelPartnerOrganizationId": null,
    "partnerUniqueId": null
  },
  {
    "id": "61124b7e34b64519298dfe58",
    "firstName": "Senthil",
    "lastName": "Kumar",
    "companyName": "Codingmart Technologies Pvt Ltd",
    "mobileNumber": "8951173103",
    "mobileCountryCode": "+91",
    "emailAddress": "senthil@codingmart.com",
    "country": "INDIA",
    "state": "Maharastra",
    "city": "Mumbai",
    "registrationNumber": "5824",
    "KycNotStarted": "KycNotStarted",
    "fullAddress": "",
    "childIds": [],
    "parentId": null,
    "parentName": null,
    "channelPartnerOrganizationId": null,
    "partnerUniqueId": null
  },
  {
    "id": "62519c5228a3d04479571cba",
    "firstName": "Kunal",
    "lastName": "Sawant",
    "mobileNumber": "6565",
    "mobileCountryCode": "+91",
    "emailAddress": "ajit@g.co",
    "country": "INDIA",
    "state": "MAHARASHTRA",
    "city": "MUMBAI",
    "registrationNumber": "4051",
    "KycNotStarted": "KycNotStarted",
    "fullAddress": " Mumbai Maharashtra India",
    "childIds": [],
    "parentId": null,
    "parentName": null,
    "channelPartnerOrganizationId": null,
    "partnerUniqueId": null
  },
  {
    "id": "626248f228a3d04479572a50",
    "firstName": "kkkk",
    "lastName": "kkkkk",
    "mobileNumber": "8888812223",
    "mobileCountryCode": "+91",
    "emailAddress": "boemenon@gmail.com",
    "country": "AUSTRALIA",
    "state": "QUEENSLAND",
    "city": "Mumbai",
    "registrationNumber": "904",
    "KycNotStarted": "KycNotStarted",
    "fullAddress": "  Queensland Australia",
    "childIds": [],
    "parentId": null,
    "parentName": null,
    "channelPartnerOrganizationId": null,
    "partnerUniqueId": null
  },
  {
    "id": "6273c6aae44f4d4f7801709a",
    "firstName": "Vinod",
    "lastName": "Tester",
    "companyName": "asdadadadadadda",
    "mobileNumber": "9867674345",
    "mobileCountryCode": "+91",
    "emailAddress": "vinod.sanghvi@techstalwarts.com",
    "country": "INDIA",
    "state": "MAHARASHTRA",
    "city": "MUMBAI",
    "registrationNumber": "7688",
    "pincode": "64767",
    "KycNotStarted": "KycNotStarted",
    "fullAddress": "test addjadasjdsdsad mumbai Maharashtra India",
    "childIds": [],
    "parentId": null,
    "parentName": null,
    "channelPartnerOrganizationId": null,
    "partnerUniqueId": null
  },
  {
    "id": "6253f53428a3d04479571e4e",
    "firstName": "Pradeep",
    "lastName": "More",
    "mobileNumber": "958632145",
    "mobileCountryCode": "+91",
    "emailAddress": "pradeepmore68@gmail.com",
    "country": "INDIA",
    "state": "Maharastra",
    "city": "Mumbai",
    "registrationNumber": "753",
    "KycNotStarted": "KycNotStarted",
    "fullAddress": "   ",
    "childIds": [],
    "parentId": null,
    "parentName": null,
    "channelPartnerOrganizationId": null,
    "partnerUniqueId": null
  },
  {
    "id": "626f9d67e44f4d4f78016d7f",
    "firstName": "vinod",
    "lastName": "test2",
    "mobileNumber": "9000000000",
    "mobileCountryCode": "+91",
    "emailAddress": "test2@gmail.com",
    "country": "ANTARCTICA",
    "state": "ANTARCTICA",
    "city": "MUMBAI",
    "registrationNumber": "1712",
    "KycNotStarted": "KycNotStarted",
    "fullAddress": " Mumbai Antarctica Antarctica",
    "childIds": [],
    "parentId": null,
    "parentName": null,
    "channelPartnerOrganizationId": null,
    "partnerUniqueId": null
  },
  {
    "id": "62c7c5de88b0482fa0c75f6f",
    "firstName": "Test Lead",
    "lastName": "Deore",
    "mobileNumber": "9028720195",
    "mobileCountryCode": "+91",
    "emailAddress": "vrddeore67@gmail.com",
    "country": "INDIA",
    "state": "MAHARASHTRA",
    "city": "PUNE",
    "registrationNumber": "3686",
    "KycNotStarted": "KycNotStarted",
    "fullAddress": " Pune Maharashtra India",
    "childIds": [],
    "parentId": null,
    "parentName": null,
    "channelPartnerOrganizationId": null,
    "partnerUniqueId": null
  },
  {
    "id": "62ebad0e21d02500126bb9e8",
    "firstName": "Akash",
    "lastName": "Testing",
    "mobileNumber": "7878787879",
    "mobileCountryCode": "+91",
    "emailAddress": "truvarofrazau-9057@yopmail.com",
    "country": "AZERBAIJAN",
    "state": "CULFA",
    "city": "MUM",
    "registrationNumber": "5520",
    "KycNotStarted": "KycNotStarted",
    "fullAddress": " mum Culfa Azerbaijan",
    "childIds": [],
    "parentId": null,
    "parentName": null,
    "channelPartnerOrganizationId": null,
    "partnerUniqueId": null
  },
  {
    "id": "62f3a9ca21d02500126bc1c4",
    "firstName": "cpregtest",
    "lastName": "cpregtest",
    "companyName": "CP Reg TEST",
    "mobileNumber": "7763455555",
    "mobileCountryCode": "+91",
    "emailAddress": "cpregtest@yopmail.com",
    "country": "BAHAMAS",
    "state": "LONG ISLAND",
    "city": "LONG ISLAND",
    "registrationNumber": "7541",
    "KycNotStarted": "KycNotStarted",
    "fullAddress": " Long Island Long Island Bahamas",
    "childIds": [],
    "parentId": null,
    "parentName": null,
    "channelPartnerOrganizationId": null,
    "partnerUniqueId": null
  },
  {
    "id": "63205dd116acfe0013748a06",
    "firstName": "Akshay",
    "lastName": "Kale",
    "mobileNumber": "9356308042",
    "mobileCountryCode": "+91",
    "emailAddress": "akshay@hbits.co",
    "country": "INDIA",
    "state": "MAHARASHTRA",
    "city": "MUMBAI",
    "registrationNumber": "1868",
    "pincode": "421503",
    "KycNotStarted": "KycNotStarted",
    "fullAddress": "badlapur Mumbai Maharashtra India",
    "childIds": [],
    "parentId": null,
    "parentName": null,
    "channelPartnerOrganizationId": null,
    "partnerUniqueId": null
  },
  {
    "id": "636e22327ac0d50011ac15f1",
    "firstName": "tester",
    "lastName": "josephine",
    "mobileNumber": "9930259548",
    "mobileCountryCode": "+91",
    "emailAddress": "josephinefernandes322@gmail.com",
    "country": "INDIA",
    "state": "MAHARASHTRA",
    "city": "MUMBAI",
    "registrationNumber": "9827",
    "KycNotStarted": "KycNotStarted",
    "fullAddress": " mumbai Maharashtra India",
    "childIds": [],
    "parentId": null,
    "parentName": null,
    "channelPartnerOrganizationId": null,
    "partnerUniqueId": null
  },
  {
    "id": "636e2ad47ac0d50011ac5ffd",
    "firstName": "test ",
    "lastName": "ghatak",
    "mobileNumber": "1234512345",
    "mobileCountryCode": "+91",
    "emailAddress": "testerghatakk@yopmail.com",
    "country": "INDIA",
    "state": "MAHARASHTRA",
    "city": "MUMBAI",
    "registrationNumber": "105",
    "KycNotStarted": "KycNotStarted",
    "fullAddress": " mumbai Maharashtra India",
    "childIds": [],
    "parentId": null,
    "parentName": null,
    "channelPartnerOrganizationId": null,
    "partnerUniqueId": null
  },
  {
    "id": "6371c6307ac0d50011b38ed3",
    "firstName": "Test",
    "lastName": "CP",
    "mobileNumber": "3034343434",
    "mobileCountryCode": "+91",
    "emailAddress": "3034343434@yopmail.com",
    "country": "ALBANIA",
    "state": "FIER",
    "city": "FIER",
    "registrationNumber": "2892",
    "KycNotStarted": "KycNotStarted",
    "fullAddress": " Fier Fier Albania",
    "childIds": [],
    "parentId": null,
    "parentName": null,
    "channelPartnerOrganizationId": null,
    "partnerUniqueId": null
  },
  {
    "id": "6371cc5d7ac0d50011b3a0f0",
    "firstName": "Akshtest",
    "lastName": "tester",
    "mobileNumber": "7895252525",
    "mobileCountryCode": "+91",
    "emailAddress": "akshtesttester@yopmail.com",
    "country": "INDIA",
    "state": "MAHARASHTRA",
    "city": "MUMBAI",
    "registrationNumber": "6313",
    "KycNotStarted": "KycNotStarted",
    "fullAddress": " Mumbai Maharashtra India",
    "childIds": [],
    "parentId": null,
    "parentName": null,
    "channelPartnerOrganizationId": null,
    "partnerUniqueId": null
  },
  {
    "id": "639ff34f531ff500111d7fa7",
    "firstName": "Test Cp",
    "lastName": "Referral",
    "mobileNumber": "7938334434",
    "mobileCountryCode": "+91",
    "emailAddress": "ankittestcpreferral@yopmail.com",
    "country": "AFGHANISTAN",
    "state": "DAYKUNDI",
    "city": "DAYKUNDI",
    "registrationNumber": "7800",
    "KycNotStarted": "KycNotStarted",
    "fullAddress": " Daykundi Daykundi Afghanistan",
    "childIds": [],
    "parentId": null,
    "parentName": null,
    "channelPartnerOrganizationId": null,
    "partnerUniqueId": null
  },
  {
    "id": "63b7a15defa9ec0011f61510",
    "firstName": "Anuj",
    "lastName": "Shah",
    "mobileNumber": "9821239307",
    "mobileCountryCode": "+91",
    "emailAddress": "apshah91@gmail.com",
    "country": "INDIA",
    "state": "MAHARASHTRA",
    "city": "MUMBAI",
    "registrationNumber": "339",
    "KycNotStarted": "KycNotStarted",
    "fullAddress": " Mumbai Maharashtra India",
    "childIds": [],
    "parentId": null,
    "parentName": null,
    "channelPartnerOrganizationId": null,
    "partnerUniqueId": null
  },
  {
    "id": "63b7c5d6efa9ec0011f64272",
    "firstName": "TestAkshay",
    "lastName": "kale",
    "mobileNumber": "9172831017",
    "mobileCountryCode": "+91",
    "emailAddress": "kaleakshay1506@gmail.com",
    "country": "INDIA",
    "state": "MAHARASHTRA",
    "city": "MUMBAI",
    "registrationNumber": "4378",
    "pincode": "33453453",
    "KycNotStarted": "KycNotStarted",
    "fullAddress": "GBGDBDGBGDB Mumbai Maharashtra India",
    "childIds": [],
    "parentId": null,
    "parentName": null,
    "channelPartnerOrganizationId": null,
    "partnerUniqueId": null
  },
  {
    "id": "63b7cbb9efa9ec0011f65f49",
    "firstName": "Umang",
    "lastName": "Khagram",
    "mobileNumber": "9833128602",
    "mobileCountryCode": "+91",
    "emailAddress": "umang_k91@hotmail.com",
    "country": "INDIA",
    "state": "MAHARASHTRA",
    "city": "MUMBAI",
    "registrationNumber": "2792",
    "KycNotStarted": "KycNotStarted",
    "fullAddress": " Mumbai Maharashtra India",
    "childIds": [],
    "parentId": null,
    "parentName": null,
    "channelPartnerOrganizationId": null,
    "partnerUniqueId": null
  },
  {
    "id": "63b7d397efa9ec0011f66e93",
    "firstName": "Sandeep",
    "lastName": "Goyal",
    "mobileNumber": "9873778100",
    "mobileCountryCode": "+91",
    "emailAddress": "landandhomesncr@gmail.com",
    "country": "INDIA",
    "state": "DELHI",
    "city": "FARIDABAD",
    "registrationNumber": "4538",
    "KycNotStarted": "KycNotStarted",
    "fullAddress": " Faridabad  Delhi India",
    "childIds": [],
    "parentId": null,
    "parentName": null,
    "channelPartnerOrganizationId": null,
    "partnerUniqueId": null
  },
  {
    "id": "63b946ffefa9ec0011f820bb",
    "firstName": "Laxmikant",
    "lastName": "Adk",
    "mobileNumber": "8669110946",
    "mobileCountryCode": "+91",
    "emailAddress": "laxmikant.adk@gmail.com",
    "country": "INDIA",
    "state": "MAHARASHTRA",
    "city": "NANDED",
    "registrationNumber": "3767",
    "KycNotStarted": "KycNotStarted",
    "fullAddress": " Nanded Maharashtra India",
    "childIds": [],
    "parentId": null,
    "parentName": null,
    "channelPartnerOrganizationId": null,
    "partnerUniqueId": null
  },
  {
    "id": "63bced88efa9ec0011fd5920",
    "firstName": "Suvarna",
    "lastName": "Desai",
    "mobileNumber": "9886230142",
    "mobileCountryCode": "+91",
    "emailAddress": "sunildesai142@gmail.com",
    "country": "INDIA",
    "state": "KARNATAKA",
    "city": "HUBLI",
    "registrationNumber": "1107",
    "pincode": "580024",
    "KycNotStarted": "KycNotStarted",
    "fullAddress": "W/o Sunil S Desai 17877/A Kasabapeth Main Road Old Hubli Hubli Karnataka India",
    "childIds": [],
    "parentId": null,
    "parentName": null,
    "channelPartnerOrganizationId": null,
    "partnerUniqueId": null
  },
  {
    "id": "63bcf68fefa9ec0011fd6811",
    "firstName": "Milan",
    "lastName": "C T",
    "mobileNumber": "9686191702",
    "mobileCountryCode": "+91",
    "emailAddress": "thimmaiahuk2004@gmail.com",
    "country": "INDIA",
    "state": "KARNATAKA",
    "city": "BANGALORE",
    "registrationNumber": "9623",
    "KycNotStarted": "KycNotStarted",
    "fullAddress": " Bangalore Karnataka India",
    "childIds": [],
    "parentId": null,
    "parentName": null,
    "channelPartnerOrganizationId": null,
    "partnerUniqueId": null
  },
  {
    "id": "63bd0547efa9ec0011fd8671",
    "firstName": "Yateesh ",
    "lastName": "B L",
    "mobileNumber": "9986864557",
    "mobileCountryCode": "+91",
    "emailAddress": "yathish.6666@gmail.com",
    "country": "INDIA",
    "state": "KARNATAKA",
    "city": "BANGALORE",
    "registrationNumber": "7799",
    "KycNotStarted": "KycNotStarted",
    "fullAddress": " Bangalore Karnataka India",
    "childIds": [],
    "parentId": null,
    "parentName": null,
    "channelPartnerOrganizationId": null,
    "partnerUniqueId": null
  },
  {
    "id": "63bd1f55efa9ec0011fde26e",
    "firstName": "fdfsddbdsb",
    "lastName": "dfbsdb",
    "mobileNumber": "9372323444",
    "mobileCountryCode": "+91",
    "emailAddress": "caankitchandnani@gmail.com",
    "country": "BAHRAIN",
    "state": "AL JANŪBĪYAH",
    "city": "VDVSV",
    "registrationNumber": "221",
    "KycNotStarted": "KycNotStarted",
    "fullAddress": " vdvsv Al Janūbīyah Bahrain",
    "childIds": [],
    "parentId": null,
    "parentName": null,
    "channelPartnerOrganizationId": null,
    "partnerUniqueId": null
  },
  {
    "id": "63bd240eefa9ec0011fdf51c",
    "firstName": "Sriram",
    "lastName": "Suryanarayanan",
    "mobileNumber": "8453046700",
    "mobileCountryCode": "+91",
    "emailAddress": "sreram67@gmail.com",
    "country": "INDIA",
    "state": "KARNATAKA",
    "city": "BANGALORE",
    "registrationNumber": "1914",
    "pincode": "560064",
    "KycNotStarted": "KycNotStarted",
    "fullAddress": "Flat No 604 CASCADE RANGA 15th Block, Unitech Heritage apartment Yelahanka  Bangalore Karnataka India",
    "childIds": [],
    "parentId": null,
    "parentName": null,
    "channelPartnerOrganizationId": null,
    "partnerUniqueId": null
  },
  {
    "id": "63bd50aaefa9ec0011fe57a7",
    "firstName": "Prachi",
    "lastName": "Nanda",
    "mobileNumber": "9920037467",
    "mobileCountryCode": "+91",
    "emailAddress": "prachi_21@hotmail.com",
    "country": "INDIA",
    "state": "MAHARASHTRA",
    "city": "MUMBAI",
    "registrationNumber": "7937",
    "KycNotStarted": "KycNotStarted",
    "fullAddress": " Mumbai Maharashtra India",
    "childIds": [],
    "parentId": null,
    "parentName": null,
    "channelPartnerOrganizationId": null,
    "partnerUniqueId": null
  },
  {
    "id": "63bd5c40efa9ec0011fe6e62",
    "firstName": "Niketh",
    "lastName": "Nadiger",
    "mobileNumber": "8553537967",
    "mobileCountryCode": "+91",
    "emailAddress": "nikethnnadiger98@gmail.com",
    "country": "INDIA",
    "state": "KARNATAKA",
    "city": "RANEBENNUR",
    "registrationNumber": "5441",
    "pincode": "581115",
    "KycNotStarted": "KycNotStarted",
    "fullAddress": "S/o Nagaraj N Nadiger, Bus stand Road, Opp to Ananth Lodge Ranebennur Karnataka India",
    "childIds": [],
    "parentId": null,
    "parentName": null,
    "channelPartnerOrganizationId": null,
    "partnerUniqueId": null
  },
  {
    "id": "63be4ff1efa9ec0011ff60ff",
    "firstName": "Sudheendra",
    "lastName": "test",
    "mobileNumber": "8232888999",
    "mobileCountryCode": "+91",
    "emailAddress": "sudheendratest@yopmail.com",
    "country": "ALBANIA",
    "state": "FIER",
    "city": "FIER",
    "registrationNumber": "5053",
    "KycNotStarted": "KycNotStarted",
    "fullAddress": " Fier Fier Albania",
    "childIds": [],
    "parentId": null,
    "parentName": null,
    "channelPartnerOrganizationId": null,
    "partnerUniqueId": null
  },
  {
    "id": "63be52caefa9ec0011ff6a18",
    "firstName": "Rajesh",
    "lastName": "Kumar",
    "mobileNumber": "9880561640",
    "mobileCountryCode": "+91",
    "emailAddress": "sudhee2770@gmail.com",
    "country": "INDIA",
    "state": "KARNATAKA",
    "city": "BANGALORE",
    "registrationNumber": "2537",
    "KycNotStarted": "KycNotStarted",
    "fullAddress": " Bangalore Karnataka India",
    "childIds": [],
    "parentId": null,
    "parentName": null,
    "channelPartnerOrganizationId": null,
    "partnerUniqueId": null
  },
  {
    "id": "63bea7b4efa9ec001100ddae",
    "firstName": "Jitendra ",
    "lastName": "Ray",
    "mobileNumber": "9911640680",
    "mobileCountryCode": "+91",
    "emailAddress": "globusrealtor@gmail.com",
    "country": "INDIA",
    "state": "UTTAR PRADESH",
    "city": "NOIDA",
    "registrationNumber": "1623",
    "KycNotStarted": "KycNotStarted",
    "fullAddress": " Noida Uttar Pradesh India",
    "childIds": [],
    "parentId": null,
    "parentName": null,
    "channelPartnerOrganizationId": null,
    "partnerUniqueId": null
  },
  {
    "id": "63beb3a2efa9ec00110118e6",
    "firstName": "Risha",
    "lastName": "Naik",
    "mobileNumber": "8550911992",
    "mobileCountryCode": "+91",
    "emailAddress": "risha_naik@hotmail.com",
    "country": "INDIA",
    "state": "MAHARASHTRA",
    "city": "PUNE",
    "registrationNumber": "5956",
    "pincode": "411060",
    "KycNotStarted": "KycNotStarted",
    "fullAddress": "203 Filicium, Nyati Estate, Pune Pune Maharashtra India",
    "childIds": [],
    "parentId": null,
    "parentName": null,
    "channelPartnerOrganizationId": null,
    "partnerUniqueId": null
  },
  {
    "id": "63c024b7efa9ec001102e89f",
    "firstName": "GURU PRASHAD",
    "lastName": "GAUD",
    "mobileNumber": "9702333433",
    "mobileCountryCode": "+91",
    "emailAddress": "idealsellrent@gmail.com",
    "country": "INDIA",
    "state": "MAHARASHTRA",
    "city": "MUMBAI",
    "registrationNumber": "1603",
    "KycNotStarted": "KycNotStarted",
    "fullAddress": " Mumbai Maharashtra India",
    "childIds": [],
    "parentId": null,
    "parentName": null,
    "channelPartnerOrganizationId": null,
    "partnerUniqueId": null
  },
  {
    "id": "63c3a2e5efa9ec0011068bd2",
    "firstName": "Pawan",
    "lastName": "Strivastava",
    "mobileNumber": "9319691157",
    "mobileCountryCode": "+91",
    "emailAddress": "mavenenterprise7@gmail.com",
    "country": "INDIA",
    "state": "UTTAR PRADESH",
    "city": "LUCKNOW",
    "registrationNumber": "706",
    "pincode": "226016",
    "KycNotStarted": "KycNotStarted",
    "fullAddress": "Gomti Nagar Lucknow Uttar Pradesh India",
    "childIds": [],
    "parentId": null,
    "parentName": null,
    "channelPartnerOrganizationId": null,
    "partnerUniqueId": null
  },
  {
    "id": "63c5290611452000183474ce",
    "firstName": "Sahad Pokkarath",
    "lastName": "Valiyakath",
    "companyName": "Lime Internet Private Limited",
    "mobileNumber": "9818465241",
    "mobileCountryCode": "+91",
    "emailAddress": "operations@wealthzi.com",
    "country": "INDIA",
    "state": "DELHI",
    "city": "DELHI",
    "registrationNumber": "8470",
    "KycNotStarted": "KycNotStarted",
    "fullAddress": " Delhi Delhi India",
    "childIds": [],
    "parentId": null,
    "parentName": null,
    "channelPartnerOrganizationId": null,
    "partnerUniqueId": null
  },
  {
    "id": "63c5326d114520001834a7dc",
    "firstName": "SUSHIL",
    "lastName": "DABRAI",
    "mobileNumber": "9821061830",
    "mobileCountryCode": "+91",
    "emailAddress": "sushilenterprises63@hotmail.com",
    "country": "INDIA",
    "state": "MAHARASHTRA",
    "city": "MUMBAI",
    "registrationNumber": "5514",
    "pincode": "400076",
    "KycNotStarted": "KycNotStarted",
    "fullAddress": "Shop No 65 Ground Floor Galleria Shopping Mall Hiranandani Gardens Mumbai Maharashtra India",
    "childIds": [],
    "parentId": null,
    "parentName": null,
    "channelPartnerOrganizationId": null,
    "partnerUniqueId": null
  },
  {
    "id": "63c6e3c011452000183703bb",
    "firstName": "Varun",
    "lastName": "Asher",
    "mobileNumber": "9821293244",
    "mobileCountryCode": "+91",
    "emailAddress": "varun@optimuswealth.in",
    "country": "INDIA",
    "state": "MAHARASHTRA",
    "city": "MUMBAI",
    "registrationNumber": "74",
    "KycNotStarted": "KycNotStarted",
    "fullAddress": " Mumbai Maharashtra India",
    "childIds": [],
    "parentId": null,
    "parentName": null,
    "channelPartnerOrganizationId": null,
    "partnerUniqueId": null
  },
  {
    "id": "63c806df1145200018383494",
    "firstName": "Niranjan",
    "lastName": "Singh",
    "companyName": "OctaRealty",
    "mobileNumber": "6362898669",
    "mobileCountryCode": "+91",
    "emailAddress": "nir1729@gmail.com",
    "country": "INDIA",
    "state": "KARNATAKA",
    "city": "BANGALORE",
    "registrationNumber": "8422",
    "KycNotStarted": "KycNotStarted",
    "fullAddress": " Bangalore Karnataka India",
    "childIds": [],
    "parentId": null,
    "parentName": null,
    "channelPartnerOrganizationId": null,
    "partnerUniqueId": null
  },
  {
    "id": "63c8d277114520001838b771",
    "firstName": "TANZEELA ",
    "lastName": "BANU",
    "mobileNumber": "7483232022",
    "mobileCountryCode": "+91",
    "emailAddress": "miisolutionz@gmail.com",
    "country": "INDIA",
    "state": "KARNATAKA",
    "city": "BENGALURU",
    "registrationNumber": "4359",
    "pincode": "560030",
    "KycNotStarted": "KycNotStarted",
    "fullAddress": "No 40 3rd floor 2nd cross Anepalya Bengaluru Karnataka India",
    "childIds": [],
    "parentId": null,
    "parentName": null,
    "channelPartnerOrganizationId": null,
    "partnerUniqueId": null
  },
  {
    "id": "63ca81b811452000183c5d7c",
    "firstName": "NASIR",
    "lastName": "Shariff",
    "companyName": "MN REALTORS",
    "mobileNumber": "9844011876",
    "mobileCountryCode": "+91",
    "emailAddress": "mnrealtors@gmail.com",
    "country": "INDIA",
    "state": "KARNATAKA",
    "city": "Mumbai",
    "registrationNumber": "5944",
    "KycNotStarted": "KycNotStarted",
    "fullAddress": "  Karnataka India",
    "childIds": [],
    "parentId": null,
    "parentName": null,
    "channelPartnerOrganizationId": null,
    "partnerUniqueId": null
  },
  {
    "id": "63ce2e011145200018419deb",
    "firstName": "Tejas",
    "lastName": "Mohata",
    "mobileNumber": "8097726147",
    "mobileCountryCode": "+91",
    "emailAddress": "tejasmohata@gmail.com",
    "country": "INDIA",
    "state": "MAHARASHTRA",
    "city": "PANVEL",
    "registrationNumber": "9836",
    "KycNotStarted": "KycNotStarted",
    "fullAddress": " Panvel Maharashtra India",
    "childIds": [],
    "parentId": null,
    "parentName": null,
    "channelPartnerOrganizationId": null,
    "partnerUniqueId": null
  }
]