[
  {
    "id": "603334967d7a0f63f6ac5b8f",
    "firstName": "Namrata",
    "lastName": "Pandey",
    "companyName": "Evente clinic pte ltd ",
    "mobileNumber": "97547616",
    "mobileCountryCode": "+65",
    "emailAddress": "namrata@eventeclinic.com.sg",
    "country": "Singapore",
    "state": "Central Singapore",
    "city": "Singapore",
    "registrationNumber": "6389",
    "KycNotStarted": "KycNotStarted",
    "fullAddress": "",
    "childIds": [],
    "parentId": null,
    "parentName": null,
    "channelPartnerOrganizationId": null,
    "partnerUniqueId": 1
  },
  {
    "id": "603e45aff390a00168ebecad",
    "firstName": "Suresh",
    "lastName": "Poddar",
    "companyName": "Gulf Investment Corporation",
    "mobileNumber": "597206208",
    "mobileCountryCode": "+96",
    "emailAddress": "suresh2602@yahoo.com",
    "country": "Kuwait",
    "state": "Ḩawallī",
    "city": "Salmiya",
    "registrationNumber": "4295",
    "KycNotStarted": "KycNotStarted",
    "fullAddress": "",
    "childIds": [],
    "parentId": null,
    "parentName": null,
    "channelPartnerOrganizationId": null,
    "partnerUniqueId": 2
  },
  {
    "id": "6055bb3b0dab3561f1090f4c",
    "firstName": "Sanjay",
    "lastName": "Agarwal",
    "companyName": "Sanjay Agarwal",
    "mobileNumber": "416737593",
    "mobileCountryCode": "+61",
    "emailAddress": "a.sanjay@live.com",
    "country": "Australia",
    "state": "Queensland",
    "city": "Gold coast",
    "registrationNumber": "3734",
    "KycNotStarted": "KycNotStarted",
    "fullAddress": "",
    "childIds": [],
    "parentId": null,
    "parentName": null,
    "channelPartnerOrganizationId": null,
    "partnerUniqueId": 3
  },
  {
    "id": "60716d188d95a605ab8ee22d",
    "firstName": "Catherine",
    "lastName": "Dmello",
    "companyName": "Anarock Property Consultants Pvt. Ltd.",
    "mobileNumber": "1528031238",
    "mobileCountryCode": "+97",
    "emailAddress": "catherine.dmello@anarock.com",
    "country": "India",
    "state": "Maharashtra",
    "city": "Mumbai",
    "registrationNumber": "9231",
    "KycNotStarted": "KycNotStarted",
    "fullAddress": "",
    "childIds": [],
    "parentId": null,
    "parentName": null,
    "channelPartnerOrganizationId": null,
    "partnerUniqueId": 4
  },
  {
    "id": "609006dcca364a4be17b1f37",
    "firstName": "Honourable Pal Ji Maharaj ",
    "lastName": "Your Excellency Pal Ji ",
    "companyName": "Modern Wealth Creators LLP ",
    "mobileNumber": "88569450",
    "mobileCountryCode": "+65",
    "emailAddress": "property@hpsucceed.com",
    "country": "Singapore",
    "state": "Central Singapore",
    "city": "All over the world ",
    "registrationNumber": "5879",
    "KycNotStarted": "KycNotStarted",
    "fullAddress": "",
    "childIds": [],
    "parentId": null,
    "parentName": null,
    "channelPartnerOrganizationId": null,
    "partnerUniqueId": 5
  },
  {
    "id": "60eb47079f38d255a28f0504",
    "firstName": "Dhaval",
    "lastName": "Shrishrimal",
    "companyName": "Fibonaco Pvt Ltd",
    "mobileNumber": "178688364",
    "mobileCountryCode": "+19",
    "emailAddress": "dhaval@fibonaco.com",
    "country": "India",
    "state": "Maharashtra",
    "city": "Mumbai",
    "registrationNumber": "8616",
    "KycNotStarted": "KycNotStarted",
    "fullAddress": "",
    "childIds": [],
    "parentId": null,
    "parentName": null,
    "channelPartnerOrganizationId": null,
    "partnerUniqueId": 6
  },
  {
    "id": "60f5be019f38d255a28f05e9",
    "firstName": "mehrdad",
    "lastName": "dashti",
    "mobileNumber": "1502143966",
    "mobileCountryCode": "+97",
    "emailAddress": "canadiancicgroup@gmail.com",
    "country": "Iran, Islamic Republic of",
    "state": "Tehrān",
    "city": "DUBAI",
    "registrationNumber": "8575",
    "KycNotStarted": "KycNotStarted",
    "fullAddress": "",
    "childIds": [],
    "parentId": null,
    "parentName": null,
    "channelPartnerOrganizationId": null,
    "partnerUniqueId": 7
  },
  {
    "id": "611e290691196e18b802ad44",
    "firstName": "Shadab ",
    "lastName": "Ahmed",
    "companyName": "XYZ",
    "mobileNumber": "172053836",
    "mobileCountryCode": "+60",
    "emailAddress": "shadab80@gmail.com",
    "country": "India",
    "state": "Wilayah Persekutuan (Kuala Lumpur)",
    "city": "KL",
    "registrationNumber": "2494",
    "KycNotStarted": "KycNotStarted",
    "fullAddress": "",
    "childIds": [],
    "parentId": null,
    "parentName": null,
    "channelPartnerOrganizationId": null,
    "partnerUniqueId": 8
  },
  {
    "id": "618a77458e19a711e82d9e80",
    "firstName": "Manish",
    "lastName": "Dhuliya",
    "companyName": "Genesis Ultima Commercial Brokers LLC",
    "mobileNumber": "1581323288",
    "mobileCountryCode": "+97",
    "emailAddress": "manish@genesisultima.ae",
    "country": "Invalid Country",
    "state": "Invalid State",
    "city": "Invalid City",
    "registrationNumber": "2499",
    "KycNotStarted": "KycNotStarted",
    "fullAddress": " Dubai Dubai United Arab Emirates",
    "childIds": [],
    "parentId": null,
    "parentName": null,
    "channelPartnerOrganizationId": null,
    "partnerUniqueId": 9
  },
  {
    "id": "61b09f1f67a4da45fa496e33",
    "firstName": "Kalpesh",
    "lastName": "Sampat",
    "companyName": "SPF Realty Real Estate Broker LLC",
    "mobileNumber": "1502418236",
    "mobileCountryCode": "+97",
    "emailAddress": "ks@spfrealty.com",
    "country": "Invalid Country",
    "state": "Invalid State",
    "city": "Invalid City",
    "registrationNumber": "9931",
    "pincode": "213469",
    "KycNotStarted": "KycNotStarted",
    "fullAddress": "Office 118, Al Shafar Investment Building, Interchange 3 Dubai Dubai United Arab Emirates",
    "childIds": [],
    "parentId": null,
    "parentName": null,
    "channelPartnerOrganizationId": null,
    "partnerUniqueId": 10
  },
  {
    "id": "630db72d16acfe0013747dc0",
    "firstName": "Mohammed",
    "lastName": "Arsh",
    "mobileNumber": "1555295768",
    "mobileCountryCode": "+97",
    "emailAddress": "mohammedarsh96@gmail.com",
    "country": "Invalid Country",
    "state": "Invalid State",
    "city": "Invalid City",
    "registrationNumber": "1525",
    "KycNotStarted": "KycNotStarted",
    "fullAddress": " Dubai Dubai United Arab Emirates",
    "childIds": [],
    "parentId": null,
    "parentName": null,
    "channelPartnerOrganizationId": null,
    "partnerUniqueId": 11
  },
  {
    "id": "636d564f7ac0d50011aa21bd",
    "firstName": "HIMANSHU",
    "lastName": "JAIN",
    "companyName": "Prime View Properties LLC",
    "mobileNumber": "1586408977",
    "mobileCountryCode": "+97",
    "emailAddress": "info@primeviewproperty.com",
    "country": "Invalid Country",
    "state": "Invalid State",
    "city": "Invalid City",
    "registrationNumber": "4842",
    "KycNotStarted": "KycNotStarted",
    "fullAddress": " Dubai Dubai United Arab Emirates",
    "childIds": [],
    "parentId": null,
    "parentName": null,
    "channelPartnerOrganizationId": null,
    "partnerUniqueId": 12
  }
]