[
  {
    "_id": {
      "$oid": "603334967d7a0f63f6ac5b8f"
    },
    "products_dealing_in": [],
    "first_name": "Namrata",
    "last_name": "Pandey",
    "company_name": "Evente clinic pte ltd ",
    "primary_phone_number": "+6597547616",
    "primary_email": "namrata@eventeclinic.com.sg",
    "prefered_business_location": [
      {
        "country": "Singapore",
        "state": "Central Singapore",
        "city": "Singapore"
      }
    ],
    "product": [
      {
        "category": "COMMERCIAL_REAL_ESTATE",
        "subcategory": "FRACTIONAL_OWNERSHIP"
      },
      {
        "category": "COMMERCIAL_REAL_ESTATE",
        "subcategory": "COMPLETE_OWNERSHIP"
      }
    ],
    "registration_number": "6389",
    "__v": 0,
    "lms_id": "73f6f25f-d9c1-45ff-b1bc-a9930a19e2ec",
    "email_verified": true
  },
  {
    "_id": {
      "$oid": "603e45aff390a00168ebecad"
    },
    "products_dealing_in": [],
    "first_name": "Suresh",
    "last_name": "Poddar",
    "company_name": "Gulf Investment Corporation",
    "primary_phone_number": "+96597206208",
    "primary_email": "suresh2602@yahoo.com",
    "prefered_business_location": [
      {
        "country": "Kuwait",
        "state": "Ḩawallī",
        "city": "Salmiya"
      }
    ],
    "product": [
      {
        "category": "COMMERCIAL_REAL_ESTATE",
        "subcategory": "FRACTIONAL_OWNERSHIP"
      },
      {
        "category": "COMMERCIAL_REAL_ESTATE",
        "subcategory": "COMPLETE_OWNERSHIP"
      }
    ],
    "registration_number": "4295",
    "__v": 0,
    "lms_id": "5af8d5cc-35e7-41e4-859c-9c368727c14a",
    "email_verified": true
  },
  {
    "_id": {
      "$oid": "6055bb3b0dab3561f1090f4c"
    },
    "products_dealing_in": [],
    "first_name": "Sanjay",
    "last_name": "Agarwal",
    "company_name": "Sanjay Agarwal",
    "primary_phone_number": "+61416737593",
    "primary_email": "a.sanjay@live.com",
    "prefered_business_location": [
      {
        "country": "Australia",
        "state": "Queensland",
        "city": "Gold coast"
      }
    ],
    "product": [
      {
        "category": "COMMERCIAL_REAL_ESTATE",
        "subcategory": "FRACTIONAL_OWNERSHIP"
      },
      {
        "category": "COMMERCIAL_REAL_ESTATE",
        "subcategory": "COMPLETE_OWNERSHIP"
      }
    ],
    "registration_number": "3734",
    "__v": 0,
    "lms_id": "7fa33727-dad6-453f-9144-d0be29eba03e",
    "email_verified": true
  },
  {
    "_id": {
      "$oid": "60716d188d95a605ab8ee22d"
    },
    "products_dealing_in": [],
    "first_name": "Catherine",
    "last_name": "Dmello",
    "company_name": "Anarock Property Consultants Pvt. Ltd.",
    "primary_phone_number": "+971528031238",
    "primary_email": "catherine.dmello@anarock.com",
    "prefered_business_location": [
      {
        "country": "India",
        "state": "Maharashtra",
        "city": "Mumbai"
      }
    ],
    "product": [
      {
        "category": "COMMERCIAL_REAL_ESTATE",
        "subcategory": "FRACTIONAL_OWNERSHIP"
      },
      {
        "category": "COMMERCIAL_REAL_ESTATE",
        "subcategory": "COMPLETE_OWNERSHIP"
      }
    ],
    "registration_number": "9231",
    "__v": 0,
    "lms_id": "89f1796c-3ad8-43e1-a8fa-1786fc2a6d1f",
    "email_verified": true
  },
  {
    "_id": {
      "$oid": "609006dcca364a4be17b1f37"
    },
    "email_verified": true,
    "products_dealing_in": [],
    "first_name": "Honourable Pal Ji Maharaj ",
    "last_name": "Your Excellency Pal Ji ",
    "company_name": "Modern Wealth Creators LLP ",
    "primary_phone_number": "+6588569450",
    "primary_email": "property@hpsucceed.com",
    "prefered_business_location": [
      {
        "country": "Singapore",
        "state": "Central Singapore",
        "city": "All over the world "
      }
    ],
    "product": [
      {
        "category": "COMMERCIAL_REAL_ESTATE",
        "subcategory": "FRACTIONAL_OWNERSHIP"
      },
      {
        "category": "COMMERCIAL_REAL_ESTATE",
        "subcategory": "COMPLETE_OWNERSHIP"
      }
    ],
    "registration_number": "5879",
    "__v": 0,
    "lms_id": "2029af5e-9bc4-438d-bb31-7b31cc7d52f5"
  },
  {
    "_id": {
      "$oid": "60eb47079f38d255a28f0504"
    },
    "email_verified": true,
    "products_dealing_in": [],
    "first_name": "Dhaval",
    "last_name": "Shrishrimal",
    "company_name": "Fibonaco Pvt Ltd",
    "primary_phone_number": "+19178688364",
    "primary_email": "dhaval@fibonaco.com",
    "prefered_business_location": [
      {
        "country": "India",
        "state": "Maharashtra",
        "city": "Mumbai"
      }
    ],
    "product": [
      {
        "category": "COMMERCIAL_REAL_ESTATE",
        "subcategory": "FRACTIONAL_OWNERSHIP"
      },
      {
        "category": "COMMERCIAL_REAL_ESTATE",
        "subcategory": "COMPLETE_OWNERSHIP"
      }
    ],
    "registration_number": "8616",
    "__v": 0
  },
  {
    "_id": {
      "$oid": "60f5be019f38d255a28f05e9"
    },
    "email_verified": true,
    "products_dealing_in": [],
    "first_name": "mehrdad",
    "last_name": "dashti",
    "primary_phone_number": "+971502143966",
    "primary_email": "canadiancicgroup@gmail.com",
    "prefered_business_location": [
      {
        "country": "Iran, Islamic Republic of",
        "state": "Tehrān",
        "city": "DUBAI"
      }
    ],
    "product": [
      {
        "category": "COMMERCIAL_REAL_ESTATE",
        "subcategory": "FRACTIONAL_OWNERSHIP"
      }
    ],
    "registration_number": "8575",
    "__v": 0,
    "lms_id": "a4cd2d91-a718-42a9-b7b3-2aaa23f45da6"
  },
  {
    "_id": {
      "$oid": "611e290691196e18b802ad44"
    },
    "email_verified": true,
    "products_dealing_in": [],
    "first_name": "Shadab ",
    "last_name": "Ahmed",
    "company_name": "XYZ",
    "primary_phone_number": "+60172053836",
    "primary_email": "shadab80@gmail.com",
    "prefered_business_location": [
      {
        "country": "India",
        "state": "Wilayah Persekutuan (Kuala Lumpur)",
        "city": "KL"
      }
    ],
    "product": [
      {
        "category": "COMMERCIAL_REAL_ESTATE",
        "subcategory": "FRACTIONAL_OWNERSHIP"
      }
    ],
    "registration_number": "2494",
    "lms_id": "ebd1b23f-da6a-4b2a-b530-3ef000b5b34c",
    "__v": 0
  },
  {
    "_id": {
      "$oid": "618a77458e19a711e82d9e80"
    },
    "email_verified": true,
    "products_dealing_in": [],
    "first_name": "Manish",
    "last_name": "Dhuliya",
    "primary_email": "manish@genesisultima.ae",
    "primary_phone_number": "+971581323288",
    "address": {
      "country": "United Arab Emirates",
      "state": "Dubai",
      "city": "Dubai"
    },
    "company_name": "Genesis Ultima Commercial Brokers LLC",
    "registration_number": "2499",
    "lms_id": "a37f90d6-711d-420d-8c30-f8411cabdfeb",
    "prefered_business_location": [],
    "product": [],
    "__v": 0
  },
  {
    "_id": {
      "$oid": "61b09f1f67a4da45fa496e33"
    },
    "email_verified": true,
    "products_dealing_in": [],
    "first_name": "Kalpesh",
    "last_name": "Sampat",
    "primary_email": "ks@spfrealty.com",
    "primary_phone_number": "+971502418236",
    "address": {
      "country": "United Arab Emirates",
      "state": "Dubai",
      "city": "Dubai",
      "street": "Office 118, Al Shafar Investment Building, Interchange 3",
      "pincode": "213469"
    },
    "company_name": "SPF Realty Real Estate Broker LLC",
    "registration_number": "9931",
    "lms_id": "16955ebc-c24a-489e-adfa-d552fde13714",
    "prefered_business_location": [],
    "product": [],
    "__v": 0
  },
  {
    "_id": {
      "$oid": "630db72d16acfe0013747dc0"
    },
    "email_verified": true,
    "products_dealing_in": [],
    "first_name": "Mohammed",
    "last_name": "Arsh",
    "primary_email": "mohammedarsh96@gmail.com",
    "primary_phone_number": "+971555295768",
    "address": {
      "country": "United Arab Emirates",
      "state": "Dubai",
      "city": "Dubai"
    },
    "registration_number": "1525",
    "lms_id": "a676fabc-018a-4b6e-a914-526760de96d1",
    "prefered_business_location": [],
    "product": [],
    "__v": 0,
    "last_login": {
      "$date": {
        "$numberLong": "1661843357828"
      }
    }
  },
  {
    "_id": {
      "$oid": "636d564f7ac0d50011aa21bd"
    },
    "email_verified": false,
    "products_dealing_in": [],
    "first_name": "HIMANSHU",
    "last_name": "JAIN",
    "primary_email": "info@primeviewproperty.com",
    "primary_phone_number": "+971586408977",
    "address": {
      "country": "United Arab Emirates",
      "state": "Dubai",
      "city": "Dubai"
    },
    "company_name": "Prime View Properties LLC",
    "registration_number": "4842",
    "lms_id": "cc0bf7c9-3b79-4d54-a036-e2b175340d4e",
    "prefered_business_location": [],
    "product": [],
    "__v": 0
  }
]